callerfilename,callermodule,callerfunction,calleefilename,calleemodule,calleefunction
apps/anytree/src/anytree/render.py,anytree.render,__init__,apps/anytree/src/anytree/search.py,anytree.search,super.__init__
apps/anytree/src/anytree/exporter/mermaidexporter.py,anytree.exporter.mermaidexporter,__iter_nodes,apps/anytree/src/anytree/iterators/preorderiter.py,anytree.iterators.preorderiter.PreOrderIter,PreOrderIter
apps/anytree/src/anytree/exporter/mermaidexporter.py,anytree.exporter.mermaidexporter,write,logging,logging,re.compile
apps/anytree/src/anytree/node/nodemixin.py,anytree.node.nodemixin,height,audioop,audioop,max
apps/anytree/src/anytree/exporter/dotexporter.py,anytree.exporter.dotexporter,_default_nodenamefunc,unittest,unittest,id
apps/anytree/src/anytree/node/nodemixin.py,anytree.node.nodemixin,depth,re,re,enumerate
apps/anytree/src/anytree/exporter/dotexporter.py,anytree.exporter.dotexporter,__iter,apps/anytree/src/anytree/exporter/mermaidexporter.py,anytree.exporter.mermaidexporter,self.__iter_options
apps/anytree/src/anytree/node/nodemixin.py,anytree.node.nodemixin,depth,apps/anytree/src/anytree/node/nodemixin.py,anytree.node.nodemixin,self.iter_path_reverse
apps/anytree/src/anytree/importer/dictimporter.py,anytree.importer.dictimporter,import_,apps/anytree/src/anytree/importer/dictimporter.py,anytree.importer.dictimporter,self.__import
apps/anytree/src/anytree/node/nodemixin.py,anytree.node.nodemixin,size,re,re,enumerate
apps/anytree/src/anytree/exporter/dotexporter.py,anytree.exporter.dotexporter,__iter,apps/anytree/src/anytree/exporter/mermaidexporter.py,anytree.exporter.mermaidexporter,self.__iter_edges
apps/anytree/src/anytree/exporter/dotexporter.py,anytree.exporter.dotexporter,__iter,apps/anytree/src/anytree/exporter/mermaidexporter.py,anytree.exporter.mermaidexporter,self.__iter_nodes
apps/anytree/src/anytree/exporter/mermaidexporter.py,anytree.exporter.mermaidexporter,__iter_nodes,apps/anytree/src/anytree/exporter/mermaidexporter.py,anytree.exporter.mermaidexporter,nodenamefunc
apps/anytree/src/anytree/node/nodemixin.py,anytree.node.nodemixin,size,apps/anytree/src/anytree/iterators/preorderiter.py,anytree.iterators.preorderiter.PreOrderIter,PreOrderIter
apps/anytree/src/anytree/exporter/dotexporter.py,anytree.exporter.dotexporter,esc,re,re,_RE_ESC.sub
apps/anytree/src/anytree/iterators/abstractiter.py,anytree.iterators.abstractiter,__next__,apps/anytree/src/anytree/iterators/abstractiter.py,anytree.iterators.abstractiter,self.__init
apps/anytree/src/anytree/exporter/dotexporter.py,anytree.exporter.dotexporter,to_picture,apps/anytree/src/anytree/render.py,anytree.render,logging.getLogger
apps/anytree/src/anytree/node/util.py,anytree.node.util,_repr,math,math,item.item.startswith
apps/anytree/src/anytree/iterators/abstractiter.py,anytree.iterators.abstractiter,__next__,math,math,next
apps/anytree/src/anytree/exporter/dotexporter.py,anytree.exporter.dotexporter,__iter_nodes,apps/anytree/src/anytree/iterators/preorderiter.py,anytree.iterators.preorderiter.PreOrderIter,PreOrderIter
apps/anytree/src/anytree/exporter/dotexporter.py,anytree.exporter.dotexporter,to_picture,apps/anytree/src/anytree/render.py,anytree.render,logging.getLogger.warning
apps/anytree/src/anytree/node/node.py,anytree.node.node,__init__,math,math,self.__dict__.update
apps/anytree/src/anytree/exporter/dotexporter.py,anytree.exporter.dotexporter,__iter_nodes,apps/anytree/src/anytree/exporter/mermaidexporter.py,anytree.exporter.mermaidexporter,nodenamefunc
apps/anytree/src/anytree/exporter/dotexporter.py,anytree.exporter.dotexporter,to_picture,++imported++,os,remove
apps/anytree/src/anytree/node/anynode.py,anytree.node.anynode,__init__,math,math,self.__dict__.update
apps/anytree/src/anytree/render.py,anytree.render,__init__,logging,logging,collections.namedtuple
apps/anytree/src/anytree/exporter/dotexporter.py,anytree.exporter.dotexporter,__iter_nodes,apps/anytree/src/anytree/exporter/dotexporter.py,anytree.exporter.dotexporter,nodeattrfunc
apps/anytree/src/anytree/iterators/abstractiter.py,anytree.iterators.abstractiter,_get_children,apps/anytree/src/anytree/search.py,anytree.search,stop
apps/anytree/src/anytree/node/nodemixin.py,anytree.node.nodemixin,parent,tokenize,tokenize,hasattr
apps/anytree/src/anytree/exporter/dotexporter.py,anytree.exporter.dotexporter,__iter_edges,apps/anytree/src/anytree/iterators/preorderiter.py,anytree.iterators.preorderiter.PreOrderIter,PreOrderIter
apps/anytree/src/anytree/cachedsearch.py,anytree.cachedsearch,find_by_attr,apps/anytree/src/anytree/cachedsearch.py,anytree.cachedsearch,_cache
apps/anytree/src/anytree/node/nodemixin.py,anytree.node.nodemixin,parent,math,math,isinstance
apps/anytree/src/anytree/exporter/dotexporter.py,anytree.exporter.dotexporter,__iter_nodes,apps/anytree/src/anytree/exporter/mermaidexporter.py,anytree.exporter.mermaidexporter,DotExporter.esc
apps/anytree/src/anytree/resolver.py,anytree.resolver,__get,tokenize,tokenize,str
apps/anytree/src/anytree/exporter/mermaidexporter.py,anytree.exporter.mermaidexporter,__iter_nodes,apps/anytree/src/anytree/exporter/mermaidexporter.py,anytree.exporter.mermaidexporter,nodefunc
apps/anytree/src/anytree/util/__init__.py,anytree.util.__init__,leftsibling,apps/anytree/src/anytree/node/nodemixin.py,anytree.node.nodemixin,pchildren.index
apps/anytree/src/anytree/importer/jsonimporter.py,anytree.importer.jsonimporter,__import,apps/anytree/src/anytree/importer/dictimporter.py,anytree.importer.dictimporter.DictImporter,DictImporter
apps/anytree/src/anytree/node/nodemixin.py,anytree.node.nodemixin,parent,apps/anytree/src/anytree/node/exceptions.py,anytree.node.exceptions.TreeError,TreeError
apps/anytree/src/anytree/resolver.py,anytree.resolver,__get,apps/anytree/src/anytree/resolver.py,anytree.resolver,self.__cmp
apps/anytree/src/anytree/node/nodemixin.py,anytree.node.nodemixin,parent,tokenize,tokenize,hasattr
apps/anytree/src/anytree/exporter/dotexporter.py,anytree.exporter.dotexporter,__iter_edges,apps/anytree/src/anytree/exporter/mermaidexporter.py,anytree.exporter.mermaidexporter,nodenamefunc
apps/anytree/src/anytree/exporter/mermaidexporter.py,anytree.exporter.mermaidexporter,__iter_edges,apps/anytree/src/anytree/iterators/preorderiter.py,anytree.iterators.preorderiter.PreOrderIter,PreOrderIter
apps/anytree/src/anytree/node/util.py,anytree.node.util,_repr,platform,platform,node.__dict__.items
apps/anytree/src/anytree/resolver.py,anytree.resolver,__get,apps/anytree/src/anytree/render.py,anytree.render,_getattr
apps/anytree/src/anytree/node/util.py,anytree.node.util,_repr,logging,logging,args.append
apps/anytree/src/anytree/resolver.py,anytree.resolver,__get,apps/anytree/src/anytree/resolver.py,anytree.resolver.Resolver,ChildResolverError
apps/anytree/src/anytree/util/__init__.py,anytree.util.__init__,rightsibling,apps/anytree/src/anytree/node/nodemixin.py,anytree.node.nodemixin,pchildren.index
apps/anytree/src/anytree/node/util.py,anytree.node.util,_repr,logging,logging,format
apps/anytree/src/anytree/exporter/dotexporter.py,anytree.exporter.dotexporter,__iter_edges,apps/anytree/src/anytree/search.py,anytree.search,filter_
apps/anytree/src/anytree/importer/jsonimporter.py,anytree.importer.jsonimporter,__import,apps/anytree/src/anytree/importer/dictimporter.py,anytree.importer.dictimporter,dictimporter.import_
apps/anytree/src/anytree/exporter/dotexporter.py,anytree.exporter.dotexporter,__iter_edges,apps/anytree/src/anytree/exporter/mermaidexporter.py,anytree.exporter.mermaidexporter,nodenamefunc
apps/anytree/src/anytree/importer/jsonimporter.py,anytree.importer.jsonimporter,import_,apps/anytree/src/anytree/importer/dictimporter.py,anytree.importer.dictimporter,self.__import
apps/anytree/src/anytree/resolver.py,anytree.resolver,glob,apps/anytree/src/anytree/resolver.py,anytree.resolver,self.__start
apps/anytree/src/anytree/node/util.py,anytree.node.util,_repr,asyncio,asyncio,join
apps/anytree/src/anytree/render.py,anytree.render,__init__,math,math,super
apps/anytree/src/anytree/resolver.py,anytree.resolver,glob,apps/anytree/src/anytree/resolver.py,anytree.resolver,self.__glob
apps/anytree/src/anytree/exporter/dotexporter.py,anytree.exporter.dotexporter,__iter_edges,apps/anytree/src/anytree/exporter/dotexporter.py,anytree.exporter.dotexporter,edgeattrfunc
apps/anytree/src/anytree/cachedsearch.py,anytree.cachedsearch,wrapped,apps/anytree/src/anytree/cachedsearch.py,anytree.cachedsearch,func
apps/anytree/src/anytree/exporter/dotexporter.py,anytree.exporter.dotexporter,to_picture,++imported++,subprocess,check_call
apps/anytree/src/anytree/importer/jsonimporter.py,anytree.importer.jsonimporter,import_,_pickle,_pickle,json.loads
apps/anytree/src/anytree/cachedsearch.py,anytree.cachedsearch,wrapped,++imported++,functools,wraps
apps/anytree/src/anytree/exporter/dotexporter.py,anytree.exporter.dotexporter,__iter__,apps/anytree/src/anytree/exporter/mermaidexporter.py,anytree.exporter.mermaidexporter,self.__iter
apps/anytree/src/anytree/cachedsearch.py,anytree.cachedsearch,findall,apps/anytree/src/anytree/search.py,anytree.search,search.findall
apps/anytree/src/anytree/exporter/dotexporter.py,anytree.exporter.dotexporter,__iter_edges,apps/anytree/src/anytree/render.py,anytree.render,edgetypefunc
apps/anytree/src/anytree/importer/dictimporter.py,anytree.importer.dictimporter,__import,math,math,isinstance
apps/anytree/src/anytree/cachedsearch.py,anytree.cachedsearch,findall,apps/anytree/src/anytree/cachedsearch.py,anytree.cachedsearch,_cache
apps/anytree/src/anytree/resolver.py,anytree.resolver,__start,apps/anytree/src/anytree/node/nodemixin.py,anytree.node.nodemixin,path.split
apps/anytree/src/anytree/render.py,anytree.render,__init__,math,math,len
apps/anytree/src/anytree/resolver.py,anytree.resolver,__start,apps/anytree/src/anytree/node/nodemixin.py,anytree.node.nodemixin,path.startswith
apps/anytree/src/anytree/cachedsearch.py,anytree.cachedsearch,findall_by_attr,apps/anytree/src/anytree/search.py,anytree.search,search.findall_by_attr
apps/anytree/src/anytree/node/anynode.py,anytree.node.anynode,__repr__,apps/anytree/src/anytree/node/util.py,anytree.node.util,_repr
apps/anytree/src/anytree/importer/dictimporter.py,anytree.importer.dictimporter,__import,calendar,calendar,dict
apps/anytree/src/anytree/node/util.py,anytree.node.util,_repr,math,math,sorted
apps/anytree/src/anytree/resolver.py,anytree.resolver,__init__,apps/anytree/src/anytree/search.py,anytree.search,super.__init__
apps/anytree/src/anytree/cachedsearch.py,anytree.cachedsearch,findall_by_attr,apps/anytree/src/anytree/cachedsearch.py,anytree.cachedsearch,_cache
apps/anytree/src/anytree/exporter/dotexporter.py,anytree.exporter.dotexporter,esc,tkinter,tkinter,m.group
apps/anytree/src/anytree/exporter/dotexporter.py,anytree.exporter.dotexporter,__iter_edges,apps/anytree/src/anytree/exporter/mermaidexporter.py,anytree.exporter.mermaidexporter,DotExporter.esc
apps/anytree/src/anytree/exporter/dotexporter.py,anytree.exporter.dotexporter,esc,tokenize,tokenize,str
apps/anytree/src/anytree/exporter/dotexporter.py,anytree.exporter.dotexporter,__iter_edges,apps/anytree/src/anytree/exporter/mermaidexporter.py,anytree.exporter.mermaidexporter,DotExporter.esc
apps/anytree/src/anytree/resolver.py,anytree.resolver,__init__,math,math,super
apps/anytree/src/anytree/cachedsearch.py,anytree.cachedsearch,find,apps/anytree/src/anytree/search.py,anytree.search,search.find
apps/anytree/src/anytree/exporter/dotexporter.py,anytree.exporter.dotexporter,to_dotfile,ossaudiodev,ossaudiodev,codecs.open
apps/anytree/src/anytree/exporter/dotexporter.py,anytree.exporter.dotexporter,__init__,apps/anytree/src/anytree/search.py,anytree.search,super.__init__
apps/anytree/src/anytree/importer/jsonimporter.py,anytree.importer.jsonimporter,read,apps/anytree/src/anytree/importer/dictimporter.py,anytree.importer.dictimporter,self.__import
apps/anytree/src/anytree/resolver.py,anytree.resolver,__start,apps/anytree/src/anytree/render.py,anytree.render,_getattr
apps/anytree/src/anytree/cachedsearch.py,anytree.cachedsearch,find,apps/anytree/src/anytree/cachedsearch.py,anytree.cachedsearch,_cache
apps/anytree/src/anytree/exporter/dotexporter.py,anytree.exporter.dotexporter,__init__,math,math,super
apps/anytree/src/anytree/node/node.py,anytree.node.node,__repr__,tokenize,tokenize,str
apps/anytree/src/anytree/exporter/dotexporter.py,anytree.exporter.dotexporter,to_dotfile,apps/anytree/src/anytree/exporter/jsonexporter.py,anytree.exporter.jsonexporter,file.write
apps/anytree/src/anytree/resolver.py,anytree.resolver,__start,_weakrefset,_weakrefset,parts.pop
apps/anytree/src/anytree/importer/jsonimporter.py,anytree.importer.jsonimporter,read,_pickle,_pickle,json.load
apps/anytree/src/anytree/cachedsearch.py,anytree.cachedsearch,find_by_attr,apps/anytree/src/anytree/search.py,anytree.search,search.find_by_attr
apps/anytree/src/anytree/exporter/dotexporter.py,anytree.exporter.dotexporter,to_picture,logging,logging,dotfile.flush
apps/anytree/src/anytree/node/node.py,anytree.node.node,__repr__,apps/anytree/src/anytree/node/util.py,anytree.node.util,_repr
apps/anytree/src/anytree/resolver.py,anytree.resolver,__start,apps/anytree/src/anytree/resolver.py,anytree.resolver.Resolver,ResolverError
apps/anytree/src/anytree/node/node.py,anytree.node.node,__repr__,asyncio,asyncio,self.separator.join
apps/anytree/src/anytree/importer/dictimporter.py,anytree.importer.dictimporter,__import,apps/anytree/src/anytree/importer/dictimporter.py,anytree.importer.dictimporter,self.__import
apps/anytree/src/anytree/exporter/dotexporter.py,anytree.exporter.dotexporter,to_picture,apps/anytree/src/anytree/node/nodemixin.py,anytree.node.nodemixin,path.splitext
apps/anytree/src/anytree/resolver.py,anytree.resolver,__start,apps/anytree/src/anytree/resolver.py,anytree.resolver,cmp_
apps/anytree/src/anytree/exporter/dotexporter.py,anytree.exporter.dotexporter,to_picture,++imported++,tempfile,NamedTemporaryFile
apps/anytree/src/anytree/resolver.py,anytree.resolver,__start,tokenize,tokenize,str
apps/anytree/src/anytree/importer/dictimporter.py,anytree.importer.dictimporter,__import,platform,platform,self.nodecls
apps/anytree/src/anytree/exporter/dotexporter.py,anytree.exporter.dotexporter,__init__,platform,platform,itertools.count
apps/anytree/src/anytree/resolver.py,anytree.resolver,get,apps/anytree/src/anytree/resolver.py,anytree.resolver,self.__start
apps/anytree/src/anytree/resolver.py,anytree.resolver,__start,apps/anytree/src/anytree/resolver.py,anytree.resolver.Resolver,ResolverError
apps/anytree/src/anytree/exporter/mermaidexporter.py,anytree.exporter.mermaidexporter,esc,tokenize,tokenize,str
apps/anytree/src/anytree/exporter/mermaidexporter.py,anytree.exporter.mermaidexporter,esc,tkinter,tkinter,m.group
apps/anytree/src/anytree/resolver.py,anytree.resolver,__start,_weakrefset,_weakrefset,parts.pop
apps/anytree/src/anytree/exporter/dotexporter.py,anytree.exporter.dotexporter,to_picture,apps/anytree/src/anytree/exporter/jsonexporter.py,anytree.exporter.jsonexporter,dotfile.write
apps/anytree/src/anytree/resolver.py,anytree.resolver,__start,tokenize,tokenize,str
apps/anytree/src/anytree/exporter/dotexporter.py,anytree.exporter.dotexporter,to_picture,pdb,pdb,encode
apps/anytree/src/anytree/exporter/mermaidexporter.py,anytree.exporter.mermaidexporter,esc,re,re,_RE_ESC.sub
apps/anytree/src/anytree/resolver.py,anytree.resolver,get,apps/anytree/src/anytree/resolver.py,anytree.resolver.Resolver,RootResolverError
apps/anytree/src/anytree/exporter/mermaidexporter.py,anytree.exporter.mermaidexporter,to_file,apps/anytree/src/anytree/exporter/jsonexporter.py,anytree.exporter.jsonexporter,file.write
apps/anytree/src/anytree/exporter/mermaidexporter.py,anytree.exporter.mermaidexporter,to_file,apps/anytree/src/anytree/exporter/jsonexporter.py,anytree.exporter.jsonexporter,file.write
apps/anytree/src/anytree/exporter/mermaidexporter.py,anytree.exporter.mermaidexporter,__iter_edges,apps/anytree/src/anytree/exporter/mermaidexporter.py,anytree.exporter.mermaidexporter,nodenamefunc
apps/anytree/src/anytree/node/node.py,anytree.node.node,__repr__,logging,logging,format
apps/anytree/src/anytree/resolver.py,anytree.resolver,get,apps/anytree/src/anytree/render.py,anytree.render,self.__get
apps/anytree/src/anytree/resolver.py,anytree.resolver,__glob,apps/anytree/src/anytree/resolver.py,anytree.resolver.Resolver,RootResolverError
apps/anytree/src/anytree/resolver.py,anytree.resolver,__glob,apps/anytree/src/anytree/resolver.py,anytree.resolver,self.__glob
apps/anytree/src/anytree/exporter/mermaidexporter.py,anytree.exporter.mermaidexporter,__iter_edges,apps/anytree/src/anytree/search.py,anytree.search,filter_
apps/anytree/src/anytree/resolver.py,anytree.resolver,__glob,apps/anytree/src/anytree/resolver.py,anytree.resolver,self.__glob
apps/anytree/src/anytree/exporter/mermaidexporter.py,anytree.exporter.mermaidexporter,__iter_edges,apps/anytree/src/anytree/search.py,anytree.search,stop
apps/anytree/src/anytree/resolver.py,anytree.resolver,__glob,apps/anytree/src/anytree/iterators/preorderiter.py,anytree.iterators.preorderiter.PreOrderIter,PreOrderIter
apps/anytree/src/anytree/exporter/mermaidexporter.py,anytree.exporter.mermaidexporter,__iter_edges,apps/anytree/src/anytree/exporter/mermaidexporter.py,anytree.exporter.mermaidexporter,nodenamefunc
apps/anytree/src/anytree/node/nodemixin.py,anytree.node.nodemixin,leaves,apps/anytree/src/anytree/iterators/preorderiter.py,anytree.iterators.preorderiter.PreOrderIter,PreOrderIter
apps/anytree/src/anytree/node/nodemixin.py,anytree.node.nodemixin,is_leaf,math,math,len
apps/anytree/src/anytree/resolver.py,anytree.resolver,__glob,apps/anytree/src/anytree/resolver.py,anytree.resolver,self.__glob
apps/anytree/src/anytree/iterators/abstractiter.py,anytree.iterators.abstractiter,__init,apps/anytree/src/anytree/iterators/abstractiter.py,anytree.iterators.abstractiter,AbstractIter._abort_at_level
apps/anytree/src/anytree/exporter/mermaidexporter.py,anytree.exporter.mermaidexporter,__iter_edges,apps/anytree/src/anytree/exporter/mermaidexporter.py,anytree.exporter.mermaidexporter,edgefunc
apps/anytree/src/anytree/exporter/mermaidexporter.py,anytree.exporter.mermaidexporter,to_file,ossaudiodev,ossaudiodev,codecs.open
apps/anytree/src/anytree/resolver.py,anytree.resolver,__glob,logging,logging,matches.append
apps/anytree/src/anytree/iterators/abstractiter.py,anytree.iterators.abstractiter,__init,apps/anytree/src/anytree/render.py,anytree.render,AbstractIter._get_children
apps/anytree/src/anytree/resolver.py,anytree.resolver,__glob,apps/anytree/src/anytree/search.py,anytree.search,self.__find
apps/anytree/src/anytree/exporter/mermaidexporter.py,anytree.exporter.mermaidexporter,_default_nodenamefunc,math,math,next
apps/anytree/src/anytree/exporter/mermaidexporter.py,anytree.exporter.mermaidexporter,to_file,apps/anytree/src/anytree/exporter/jsonexporter.py,anytree.exporter.jsonexporter,file.write
apps/anytree/src/anytree/iterators/abstractiter.py,anytree.iterators.abstractiter,__init,apps/anytree/src/anytree/iterators/abstractiter.py,anytree.iterators.abstractiter,self._iter
apps/anytree/src/anytree/importer/dictimporter.py,anytree.importer.dictimporter,__import,_weakrefset,_weakrefset,attrs.pop
apps/anytree/src/anytree/resolver.py,anytree.resolver,__glob,apps/anytree/src/anytree/resolver.py,anytree.resolver,Resolver.is_wildcard
apps/anytree/src/anytree/dotexport.py,anytree.dotexport,__init__,math,math,super
apps/anytree/src/anytree/node/lightnodemixin.py,anytree.node.lightnodemixin,_path,logging,logging,reversed
apps/anytree/src/anytree/search.py,anytree.search,_find,apps/anytree/src/anytree/search.py,anytree.search,_findall
apps/anytree/src/anytree/util/__init__.py,anytree.util.__init__,commonancestors,math,math,tuple
apps/anytree/src/anytree/node/nodemixin.py,anytree.node.nodemixin,__attach,apps/anytree/src/anytree/node/nodemixin.py,anytree.node.nodemixin,self._post_attach
apps/anytree/src/anytree/iterators/preorderiter.py,anytree.iterators.preorderiter,_iter,apps/anytree/src/anytree/search.py,anytree.search,stop
apps/anytree/src/anytree/exporter/dotexporter.py,anytree.exporter.dotexporter,_default_nodenamefunc,math,math,next
apps/anytree/src/anytree/resolver.py,anytree.resolver,_getattr,apps/anytree/src/anytree/render.py,anytree.render,getattr
apps/anytree/src/anytree/exporter/dictexporter.py,anytree.exporter.dictexporter,export,apps/anytree/src/anytree/exporter/dictexporter.py,anytree.exporter.dictexporter,self.__export
apps/anytree/src/anytree/exporter/dotexporter.py,anytree.exporter.dotexporter,_default_nodenamefunc,math,math,hex
apps/anytree/src/anytree/node/lightnodemixin.py,anytree.node.lightnodemixin,_path,math,math,tuple
apps/anytree/src/anytree/iterators/zigzaggroupiter.py,anytree.iterators.zigzaggroupiter,_iter,math,math,next
apps/anytree/src/anytree/node/nodemixin.py,anytree.node.nodemixin,__children_or_empty,tokenize,tokenize,hasattr
apps/anytree/src/anytree/iterators/preorderiter.py,anytree.iterators.preorderiter,_iter,apps/anytree/src/anytree/search.py,anytree.search,filter_
apps/anytree/src/anytree/node/nodemixin.py,anytree.node.nodemixin,children,math,math,tuple
apps/anytree/src/anytree/render.py,anytree.render,__next,math,math,self.childiter
apps/anytree/src/anytree/resolver.py,anytree.resolver,_getattr,tokenize,tokenize,str
apps/anytree/src/anytree/resolver.py,anytree.resolver,__init__,math,math,super
apps/anytree/src/anytree/exporter/mermaidexporter.py,anytree.exporter.mermaidexporter,_default_nodenamefunc,unittest,unittest,id
apps/anytree/src/anytree/iterators/zigzaggroupiter.py,anytree.iterators.zigzaggroupiter,_iter,apps/anytree/src/anytree/iterators/levelordergroupiter.py,anytree.iterators.levelordergroupiter.LevelOrderGroupIter,LevelOrderGroupIter
apps/anytree/src/anytree/node/nodemixin.py,anytree.node.nodemixin,descendants,math,math,tuple
apps/anytree/src/anytree/iterators/levelordergroupiter.py,anytree.iterators.levelordergroupiter,_iter,apps/anytree/src/anytree/search.py,anytree.search,filter_
apps/anytree/src/anytree/config.py,anytree.config,__init__,builtins,builtins,bool
apps/anytree/src/anytree/render.py,anytree.render,__next,apps/anytree/src/anytree/render.py,anytree.render,_is_last
apps/anytree/src/anytree/iterators/zigzaggroupiter.py,anytree.iterators.zigzaggroupiter,_iter,math,math,tuple
apps/anytree/src/anytree/resolver.py,anytree.resolver,__init__,apps/anytree/src/anytree/search.py,anytree.search,super.__init__
apps/anytree/src/anytree/node/nodemixin.py,anytree.node.nodemixin,_path,pydoc,pydoc,list
apps/anytree/src/anytree/resolver.py,anytree.resolver,__init__,asyncio,asyncio,join
apps/anytree/src/anytree/node/nodemixin.py,anytree.node.nodemixin,__check_children,asyncio,asyncio,set
apps/anytree/src/anytree/iterators/zigzaggroupiter.py,anytree.iterators.zigzaggroupiter,_iter,logging,logging,reversed
apps/anytree/src/anytree/render.py,anytree.render,__next,apps/anytree/src/anytree/render.py,anytree.render,self.__next
apps/anytree/src/anytree/exporter/mermaidexporter.py,anytree.exporter.mermaidexporter,__iter__,apps/anytree/src/anytree/exporter/mermaidexporter.py,anytree.exporter.mermaidexporter,self.__iter
apps/anytree/src/anytree/iterators/levelordergroupiter.py,anytree.iterators.levelordergroupiter,_iter,apps/anytree/src/anytree/render.py,anytree.render,LevelOrderGroupIter._get_grandchildren
apps/anytree/src/anytree/render.py,anytree.render,__item,_sqlite3,_sqlite3,Row
apps/anytree/src/anytree/node/nodemixin.py,anytree.node.nodemixin,_path,apps/anytree/src/anytree/node/nodemixin.py,anytree.node.nodemixin,self.iter_path_reverse
apps/anytree/src/anytree/resolver.py,anytree.resolver,__init__,logging,logging,format
apps/anytree/src/anytree/iterators/zigzaggroupiter.py,anytree.iterators.zigzaggroupiter,_iter,math,math,next
apps/anytree/src/anytree/node/nodemixin.py,anytree.node.nodemixin,__check_children,math,math,isinstance
apps/anytree/src/anytree/exporter/jsonexporter.py,anytree.exporter.jsonexporter,export,apps/anytree/src/anytree/exporter/dictexporter.py,anytree.exporter.dictexporter,self._export
apps/anytree/src/anytree/resolver.py,anytree.resolver,__glob,apps/anytree/src/anytree/resolver.py,anytree.resolver.Resolver,ChildResolverError
apps/anytree/src/anytree/node/nodemixin.py,anytree.node.nodemixin,anchestors,logging,logging,warnings.warn
apps/anytree/src/anytree/exporter/jsonexporter.py,anytree.exporter.jsonexporter,export,_pickle,_pickle,json.dumps
apps/anytree/src/anytree/dotexport.py,anytree.dotexport,__init__,apps/anytree/src/anytree/search.py,anytree.search,super.__init__
apps/anytree/src/anytree/render.py,anytree.render,__item,asyncio,asyncio,join
apps/anytree/src/anytree/node/nodemixin.py,anytree.node.nodemixin,__check_children,apps/anytree/src/anytree/node/exceptions.py,anytree.node.exceptions.TreeError,TreeError
apps/anytree/src/anytree/config.py,anytree.config,__init__,apps/anytree/src/anytree/render.py,anytree.render,os.environ.get
apps/anytree/src/anytree/node/nodemixin.py,anytree.node.nodemixin,parent,apps/anytree/src/anytree/node/nodemixin.py,anytree.node.nodemixin,self.__check_loop
apps/anytree/src/anytree/node/symlinknode.py,anytree.node.symlinknode,__repr__,apps/anytree/src/anytree/node/util.py,anytree.node.util,_repr
apps/anytree/src/anytree/resolver.py,anytree.resolver,__find,apps/anytree/src/anytree/render.py,anytree.render,_getattr
apps/anytree/src/anytree/node/nodemixin.py,anytree.node.nodemixin,__check_children,unittest,unittest,id
apps/anytree/src/anytree/node/nodemixin.py,anytree.node.nodemixin,parent,apps/anytree/src/anytree/node/nodemixin.py,anytree.node.nodemixin,self.__detach
apps/anytree/src/anytree/node/symlinknodemixin.py,anytree.node.symlinknodemixin,__getattr__,apps/anytree/src/anytree/render.py,anytree.render,super.__getattr__
apps/anytree/src/anytree/resolver.py,anytree.resolver,__find,apps/anytree/src/anytree/resolver.py,anytree.resolver,self.__match
apps/anytree/src/anytree/iterators/preorderiter.py,anytree.iterators.preorderiter,_iter,apps/anytree/src/anytree/iterators/abstractiter.py,anytree.iterators.abstractiter,PreOrderIter._iter
apps/anytree/src/anytree/exporter/jsonexporter.py,anytree.exporter.jsonexporter,write,apps/anytree/src/anytree/exporter/dictexporter.py,anytree.exporter.dictexporter,self._export
apps/anytree/src/anytree/node/nodemixin.py,anytree.node.nodemixin,parent,apps/anytree/src/anytree/node/nodemixin.py,anytree.node.nodemixin,self.__attach
apps/anytree/src/anytree/node/nodemixin.py,anytree.node.nodemixin,__check_children,math,math,seen.add
apps/anytree/src/anytree/node/symlinknodemixin.py,anytree.node.symlinknodemixin,__getattr__,math,math,super
apps/anytree/src/anytree/resolver.py,anytree.resolver,__init__,apps/anytree/src/anytree/render.py,anytree.render,_getattr
apps/anytree/src/anytree/exporter/jsonexporter.py,anytree.exporter.jsonexporter,write,_pickle,_pickle,json.dump
apps/anytree/src/anytree/iterators/preorderiter.py,anytree.iterators.preorderiter,_iter,apps/anytree/src/anytree/iterators/abstractiter.py,anytree.iterators.abstractiter,AbstractIter._abort_at_level
apps/anytree/src/anytree/node/nodemixin.py,anytree.node.nodemixin,__check_loop,apps/anytree/src/anytree/node/exceptions.py,anytree.node.exceptions.LoopError,LoopError
apps/anytree/src/anytree/node/nodemixin.py,anytree.node.nodemixin,__check_children,apps/anytree/src/anytree/node/exceptions.py,anytree.node.exceptions.TreeError,TreeError
apps/anytree/src/anytree/util/__init__.py,anytree.util.__init__,commonancestors,logging,logging,common.append
apps/anytree/src/anytree/resolver.py,anytree.resolver,__init__,logging,logging,repr
apps/anytree/src/anytree/exporter/mermaidexporter.py,anytree.exporter.mermaidexporter,__iter,apps/anytree/src/anytree/exporter/mermaidexporter.py,anytree.exporter.mermaidexporter,self.__iter_edges
apps/anytree/src/anytree/node/nodemixin.py,anytree.node.nodemixin,__check_loop,tokenize,tokenize,any
apps/anytree/src/anytree/render.py,anytree.render,__item,asyncio,asyncio,join
apps/anytree/src/anytree/exporter/mermaidexporter.py,anytree.exporter.mermaidexporter,__iter,apps/anytree/src/anytree/exporter/mermaidexporter.py,anytree.exporter.mermaidexporter,self.__iter_options
apps/anytree/src/anytree/walker.py,anytree.walker,walk,apps/anytree/src/anytree/walker.py,anytree.walker.WalkError,WalkError
apps/anytree/src/anytree/iterators/zigzaggroupiter.py,anytree.iterators.zigzaggroupiter,_iter,math,math,len
apps/anytree/src/anytree/render.py,anytree.render,__item,_sqlite3,_sqlite3,Row
apps/anytree/src/anytree/node/nodemixin.py,anytree.node.nodemixin,children,math,math,tuple
apps/anytree/src/anytree/node/symlinknode.py,anytree.node.symlinknode,__repr__,logging,logging,repr
apps/anytree/src/anytree/iterators/levelorderiter.py,anytree.iterators.levelorderiter,_iter,apps/anytree/src/anytree/iterators/abstractiter.py,anytree.iterators.abstractiter,AbstractIter._abort_at_level
apps/anytree/src/anytree/node/nodemixin.py,anytree.node.nodemixin,__check_loop,apps/anytree/src/anytree/node/nodemixin.py,anytree.node.nodemixin,node.iter_path_reverse
apps/anytree/src/anytree/util/__init__.py,anytree.util.__init__,commonancestors,builtins,builtins,all
apps/anytree/src/anytree/node/nodemixin.py,anytree.node.nodemixin,__check_loop,apps/anytree/src/anytree/node/exceptions.py,anytree.node.exceptions.LoopError,LoopError
apps/anytree/src/anytree/node/nodemixin.py,anytree.node.nodemixin,children,apps/anytree/src/anytree/node/nodemixin.py,anytree.node.nodemixin,NodeMixin.__check_children
apps/anytree/src/anytree/walker.py,anytree.walker,walk,apps/anytree/src/anytree/walker.py,anytree.walker,Walker.__calc_common
apps/anytree/src/anytree/resolver.py,anytree.resolver,__init__,math,math,super
apps/anytree/src/anytree/exporter/dictexporter.py,anytree.exporter.dictexporter,_iter_attr_values,platform,platform,node.__dict__.items
apps/anytree/src/anytree/search.py,anytree.search,findall,apps/anytree/src/anytree/search.py,anytree.search,_findall
apps/anytree/src/anytree/node/nodemixin.py,anytree.node.nodemixin,__detach,apps/anytree/src/anytree/node/nodemixin.py,anytree.node.nodemixin,self._pre_detach
apps/anytree/src/anytree/resolver.py,anytree.resolver,__init__,apps/anytree/src/anytree/search.py,anytree.search,super.__init__
apps/anytree/src/anytree/render.py,anytree.render,__init__,math,math,len
apps/anytree/src/anytree/search.py,anytree.search,__init__,logging,logging,repr
apps/anytree/src/anytree/iterators/postorderiter.py,anytree.iterators.postorderiter,_iter,apps/anytree/src/anytree/render.py,anytree.render,PostOrderIter.__next
apps/anytree/src/anytree/node/nodemixin.py,anytree.node.nodemixin,children,apps/anytree/src/anytree/node/nodemixin.py,anytree.node.nodemixin,self._pre_attach_children
apps/anytree/src/anytree/search.py,anytree.search,findall_by_attr,apps/anytree/src/anytree/search.py,anytree.search,_findall
apps/anytree/src/anytree/dotexport.py,anytree.dotexport,__init__,logging,logging,warnings.warn
apps/anytree/src/anytree/search.py,anytree.search,__init__,apps/anytree/src/anytree/search.py,anytree.search,super.__init__
apps/anytree/src/anytree/exporter/dictexporter.py,anytree.exporter.dictexporter,__export,apps/anytree/src/anytree/render.py,anytree.render,childiter
apps/anytree/src/anytree/render.py,anytree.render,__init__,math,math,len
apps/anytree/src/anytree/exporter/dotexporter.py,anytree.exporter.dotexporter,esc,logging,logging,re.compile
apps/anytree/src/anytree/node/symlinknode.py,anytree.node.symlinknode,__init__,apps/anytree/src/anytree/render.py,anytree.render,self.target.__dict__.update
apps/anytree/src/anytree/render.py,anytree.render,get,logging,logging,repr.splitlines
apps/anytree/src/anytree/render.py,anytree.render,get,asyncio,asyncio,join
apps/anytree/src/anytree/node/nodemixin.py,anytree.node.nodemixin,__detach,tokenize,tokenize,any
apps/anytree/src/anytree/node/lightnodemixin.py,anytree.node.lightnodemixin,__detach,apps/anytree/src/anytree/node/nodemixin.py,anytree.node.nodemixin,self._post_detach
apps/anytree/src/anytree/render.py,anytree.render,empty,math,math,len
apps/anytree/src/anytree/search.py,anytree.search,findall_by_attr,apps/anytree/src/anytree/search.py,anytree.search,_filter_by_name
apps/anytree/src/anytree/render.py,anytree.render,get,logging,logging,repr
apps/anytree/src/anytree/search.py,anytree.search,find,apps/anytree/src/anytree/search.py,anytree.search,_find
apps/anytree/src/anytree/node/nodemixin.py,anytree.node.nodemixin,children,apps/anytree/src/anytree/node/nodemixin.py,anytree.node.nodemixin,self._post_attach_children
apps/anytree/src/anytree/node/lightnodemixin.py,anytree.node.lightnodemixin,__attach,apps/anytree/src/anytree/node/nodemixin.py,anytree.node.nodemixin,self._pre_attach
apps/anytree/src/anytree/node/nodemixin.py,anytree.node.nodemixin,_path,logging,logging,reversed
apps/anytree/src/anytree/search.py,anytree.search,_findall,math,math,tuple
apps/anytree/src/anytree/node/nodemixin.py,anytree.node.nodemixin,__detach,apps/anytree/src/anytree/node/nodemixin.py,anytree.node.nodemixin,self._post_detach
apps/anytree/src/anytree/render.py,anytree.render,get,apps/anytree/src/anytree/render.py,anytree.render,get
apps/anytree/src/anytree/resolver.py,anytree.resolver,__init__,math,math,super
apps/anytree/src/anytree/search.py,anytree.search,find_by_attr,apps/anytree/src/anytree/search.py,anytree.search,_find
apps/anytree/src/anytree/render.py,anytree.render,__init__,apps/anytree/src/anytree/search.py,anytree.search,super.__init__
apps/anytree/src/anytree/node/nodemixin.py,anytree.node.nodemixin,children,math,math,len
apps/anytree/src/anytree/node/nodemixin.py,anytree.node.nodemixin,__attach,apps/anytree/src/anytree/node/nodemixin.py,anytree.node.nodemixin,self._pre_attach
apps/anytree/src/anytree/walker.py,anytree.walker,__calc_common,builtins,builtins,zip
apps/anytree/src/anytree/resolver.py,anytree.resolver,__init__,apps/anytree/src/anytree/search.py,anytree.search,super.__init__
apps/anytree/src/anytree/node/symlinknodemixin.py,anytree.node.symlinknodemixin,__getattr__,ftplib,ftplib,AttributeError
apps/anytree/src/anytree/node/lightnodemixin.py,anytree.node.lightnodemixin,__attach,tokenize,tokenize,any
apps/anytree/src/anytree/node/nodemixin.py,anytree.node.nodemixin,children,math,math,len
apps/anytree/src/anytree/render.py,anytree.render,__init__,math,math,super
apps/anytree/src/anytree/resolver.py,anytree.resolver,__translate,apps/anytree/src/anytree/exporter/mermaidexporter.py,anytree.exporter.mermaidexporter,re.escape
apps/anytree/src/anytree/search.py,anytree.search,find_by_attr,apps/anytree/src/anytree/search.py,anytree.search,_filter_by_name
apps/anytree/src/anytree/node/lightnodemixin.py,anytree.node.lightnodemixin,__attach,apps/anytree/src/anytree/node/nodemixin.py,anytree.node.nodemixin,parentchildren.append
apps/anytree/src/anytree/exporter/dictexporter.py,anytree.exporter.dictexporter,__export,apps/anytree/src/anytree/exporter/dictexporter.py,anytree.exporter.dictexporter,attriter
apps/anytree/src/anytree/node/symlinknodemixin.py,anytree.node.symlinknodemixin,__getattr__,apps/anytree/src/anytree/render.py,anytree.render,getattr
apps/anytree/src/anytree/render.py,anytree.render,__init__,apps/anytree/src/anytree/search.py,anytree.search,super.__init__
apps/anytree/src/anytree/walker.py,anytree.walker,__calc_common,math,math,tuple
apps/anytree/src/anytree/exporter/dictexporter.py,anytree.exporter.dictexporter,__export,apps/anytree/src/anytree/exporter/dictexporter.py,anytree.exporter.dictexporter,self._iter_attr_values
apps/anytree/src/anytree/node/nodemixin.py,anytree.node.nodemixin,__attach,tokenize,tokenize,any
apps/anytree/src/anytree/iterators/levelordergroupiter.py,anytree.iterators.levelordergroupiter,_get_grandchildren,apps/anytree/src/anytree/render.py,anytree.render,AbstractIter._get_children
apps/anytree/src/anytree/node/symlinknodemixin.py,anytree.node.symlinknodemixin,__setattr__,apps/anytree/src/anytree/node/symlinknodemixin.py,anytree.node.symlinknodemixin,super.__setattr__
apps/anytree/src/anytree/node/nodemixin.py,anytree.node.nodemixin,__attach,apps/anytree/src/anytree/node/nodemixin.py,anytree.node.nodemixin,parentchildren.append
apps/anytree/src/anytree/node/nodemixin.py,anytree.node.nodemixin,children,apps/anytree/src/anytree/node/nodemixin.py,anytree.node.nodemixin,self._pre_detach_children
apps/anytree/src/anytree/node/lightnodemixin.py,anytree.node.lightnodemixin,__attach,apps/anytree/src/anytree/node/nodemixin.py,anytree.node.nodemixin,self._post_attach
apps/anytree/src/anytree/util/__init__.py,anytree.util.__init__,commonancestors,builtins,builtins,zip
apps/anytree/src/anytree/render.py,anytree.render,__init__,math,math,super
apps/anytree/src/anytree/search.py,anytree.search,_findall,apps/anytree/src/anytree/iterators/preorderiter.py,anytree.iterators.preorderiter.PreOrderIter,PreOrderIter
apps/anytree/src/anytree/render.py,anytree.render,__repr__,logging,logging,repr
apps/anytree/src/anytree/resolver.py,anytree.resolver,__cmp,math,math,pat.upper
apps/anytree/src/anytree/iterators/levelordergroupiter.py,anytree.iterators.levelordergroupiter,_iter,apps/anytree/src/anytree/iterators/abstractiter.py,anytree.iterators.abstractiter,AbstractIter._abort_at_level
apps/anytree/src/anytree/exporter/dictexporter.py,anytree.exporter.dictexporter,__export,apps/anytree/src/anytree/exporter/dictexporter.py,anytree.exporter.dictexporter,dictcls
apps/anytree/src/anytree/node/symlinknodemixin.py,anytree.node.symlinknodemixin,__setattr__,math,math,super
apps/anytree/src/anytree/node/lightnodemixin.py,anytree.node.lightnodemixin,__children_or_empty,tokenize,tokenize,hasattr
apps/anytree/src/anytree/render.py,anytree.render,__init__,apps/anytree/src/anytree/render.py,anytree.render.ContStyle,ContStyle
apps/anytree/src/anytree/render.py,anytree.render,__repr__,logging,logging,format
apps/anytree/src/anytree/exporter/mermaidexporter.py,anytree.exporter.mermaidexporter,__iter,apps/anytree/src/anytree/exporter/mermaidexporter.py,anytree.exporter.mermaidexporter,self.__iter_nodes
apps/anytree/src/anytree/node/nodemixin.py,anytree.node.nodemixin,children,math,math,len
apps/anytree/src/anytree/iterators/levelordergroupiter.py,anytree.iterators.levelordergroupiter,_iter,math,math,tuple
apps/anytree/src/anytree/resolver.py,anytree.resolver,__cmp,math,math,name.upper
apps/anytree/src/anytree/node/lightnodemixin.py,anytree.node.lightnodemixin,children,math,math,tuple
apps/anytree/src/anytree/node/nodemixin.py,anytree.node.nodemixin,children,apps/anytree/src/anytree/node/nodemixin.py,anytree.node.nodemixin,self._post_detach_children
apps/anytree/src/anytree/iterators/levelorderiter.py,anytree.iterators.levelorderiter,_iter,apps/anytree/src/anytree/search.py,anytree.search,filter_
apps/anytree/src/anytree/render.py,anytree.render,__repr__,asyncio,asyncio,join
apps/anytree/src/anytree/render.py,anytree.render,__init__,apps/anytree/src/anytree/search.py,anytree.search,super.__init__
apps/anytree/src/anytree/node/nodemixin.py,anytree.node.nodemixin,descendants,apps/anytree/src/anytree/iterators/preorderiter.py,anytree.iterators.preorderiter.PreOrderIter,PreOrderIter
apps/anytree/src/anytree/resolver.py,anytree.resolver,__match,logging,logging,re_pat.match
apps/anytree/src/anytree/iterators/levelorderiter.py,anytree.iterators.levelorderiter,_iter,apps/anytree/src/anytree/search.py,anytree.search,filter_
apps/anytree/src/anytree/resolver.py,anytree.resolver,__match,logging,logging,re.compile
apps/anytree/src/anytree/render.py,anytree.render,get,math,math,callable
apps/anytree/src/anytree/node/lightnodemixin.py,anytree.node.lightnodemixin,__check_children,asyncio,asyncio,set
apps/anytree/src/anytree/node/lightnodemixin.py,anytree.node.lightnodemixin,size,apps/anytree/src/anytree/iterators/preorderiter.py,anytree.iterators.preorderiter.PreOrderIter,PreOrderIter
apps/anytree/src/anytree/iterators/postorderiter.py,anytree.iterators.postorderiter,__next,apps/anytree/src/anytree/iterators/abstractiter.py,anytree.iterators.abstractiter,AbstractIter._abort_at_level
apps/anytree/src/anytree/render.py,anytree.render,__init__,math,math,super
apps/anytree/src/anytree/exporter/dictexporter.py,anytree.exporter.dictexporter,__export,apps/anytree/src/anytree/exporter/dictexporter.py,anytree.exporter.dictexporter,self.__export
apps/anytree/src/anytree/iterators/levelorderiter.py,anytree.iterators.levelorderiter,_iter,apps/anytree/src/anytree/render.py,anytree.render,AbstractIter._get_children
apps/anytree/src/anytree/node/nodemixin.py,anytree.node.nodemixin,_path,math,math,tuple
apps/anytree/src/anytree/render.py,anytree.render,__init__,apps/anytree/src/anytree/search.py,anytree.search,super.__init__
apps/anytree/src/anytree/node/lightnodemixin.py,anytree.node.lightnodemixin,parent,tokenize,tokenize,hasattr
apps/anytree/src/anytree/node/lightnodemixin.py,anytree.node.lightnodemixin,size,re,re,enumerate
apps/anytree/src/anytree/exporter/jsonexporter.py,anytree.exporter.jsonexporter,_export,apps/anytree/src/anytree/exporter/dictexporter.py,anytree.exporter.dictexporter,dictexporter.export
apps/anytree/src/anytree/render.py,anytree.render,get,apps/anytree/src/anytree/render.py,anytree.render,attrname
apps/anytree/src/anytree/render.py,anytree.render,__init__,math,math,super
apps/anytree/src/anytree/node/lightnodemixin.py,anytree.node.lightnodemixin,parent,tokenize,tokenize,hasattr
apps/anytree/src/anytree/node/lightnodemixin.py,anytree.node.lightnodemixin,__check_children,unittest,unittest,id
apps/anytree/src/anytree/node/lightnodemixin.py,anytree.node.lightnodemixin,_path,pydoc,pydoc,list
apps/anytree/src/anytree/iterators/postorderiter.py,anytree.iterators.postorderiter,__next,apps/anytree/src/anytree/render.py,anytree.render,AbstractIter._get_children
apps/anytree/src/anytree/render.py,anytree.render,get,asyncio,asyncio,join
apps/anytree/src/anytree/search.py,anytree.search,_findall,math,math,len
apps/anytree/src/anytree/render.py,anytree.render,get,apps/anytree/src/anytree/render.py,anytree.render,_format_row_any
apps/anytree/src/anytree/render.py,anytree.render,__init__,math,math,isinstance
apps/anytree/src/anytree/node/lightnodemixin.py,anytree.node.lightnodemixin,__check_children,math,math,seen.add
apps/anytree/src/anytree/iterators/postorderiter.py,anytree.iterators.postorderiter,__next,apps/anytree/src/anytree/render.py,anytree.render,PostOrderIter.__next
apps/anytree/src/anytree/node/lightnodemixin.py,anytree.node.lightnodemixin,_path,apps/anytree/src/anytree/node/nodemixin.py,anytree.node.nodemixin,self.iter_path_reverse
apps/anytree/src/anytree/search.py,anytree.search,_findall,apps/anytree/src/anytree/search.py,anytree.search.CountError,CountError
apps/anytree/src/anytree/resolver.py,anytree.resolver,__find,apps/anytree/src/anytree/resolver.py,anytree.resolver,self.__glob
apps/anytree/src/anytree/node/nodemixin.py,anytree.node.nodemixin,siblings,math,math,tuple
apps/anytree/src/anytree/node/lightnodemixin.py,anytree.node.lightnodemixin,parent,apps/anytree/src/anytree/node/nodemixin.py,anytree.node.nodemixin,self.__check_loop
apps/anytree/src/anytree/node/lightnodemixin.py,anytree.node.lightnodemixin,descendants,math,math,tuple
apps/anytree/src/anytree/resolver.py,anytree.resolver,__find,logging,logging,matches.append
apps/anytree/src/anytree/render.py,anytree.render,get,apps/anytree/src/anytree/render.py,anytree.render,getattr
apps/anytree/src/anytree/node/lightnodemixin.py,anytree.node.lightnodemixin,parent,apps/anytree/src/anytree/node/nodemixin.py,anytree.node.nodemixin,self.__detach
apps/anytree/src/anytree/node/lightnodemixin.py,anytree.node.lightnodemixin,__check_children,apps/anytree/src/anytree/node/exceptions.py,anytree.node.exceptions.TreeError,TreeError
apps/anytree/src/anytree/node/lightnodemixin.py,anytree.node.lightnodemixin,descendants,apps/anytree/src/anytree/iterators/preorderiter.py,anytree.iterators.preorderiter.PreOrderIter,PreOrderIter
apps/anytree/src/anytree/resolver.py,anytree.resolver,__find,apps/anytree/src/anytree/resolver.py,anytree.resolver,Resolver.is_wildcard
apps/anytree/src/anytree/node/nodemixin.py,anytree.node.nodemixin,leaves,math,math,tuple
apps/anytree/src/anytree/node/lightnodemixin.py,anytree.node.lightnodemixin,parent,apps/anytree/src/anytree/node/nodemixin.py,anytree.node.nodemixin,self.__attach
apps/anytree/src/anytree/render.py,anytree.render,get,apps/anytree/src/anytree/render.py,anytree.render,_format_row_any
apps/anytree/src/anytree/node/lightnodemixin.py,anytree.node.lightnodemixin,children,math,math,tuple
apps/anytree/src/anytree/node/symlinknodemixin.py,anytree.node.symlinknodemixin,__setattr__,asyncio,asyncio,setattr
apps/anytree/src/anytree/render.py,anytree.render,get,apps/anytree/src/anytree/render.py,anytree.render,get
apps/anytree/src/anytree/node/lightnodemixin.py,anytree.node.lightnodemixin,__check_loop,apps/anytree/src/anytree/node/exceptions.py,anytree.node.exceptions.LoopError,LoopError
apps/anytree/src/anytree/node/lightnodemixin.py,anytree.node.lightnodemixin,children,apps/anytree/src/anytree/node/nodemixin.py,anytree.node.nodemixin,LightNodeMixin.__check_children
apps/anytree/src/anytree/render.py,anytree.render,_format_row_any,math,math,isinstance
apps/anytree/src/anytree/walker.py,anytree.walker,walk,math,math,len
apps/anytree/src/anytree/node/lightnodemixin.py,anytree.node.lightnodemixin,__check_loop,tokenize,tokenize,any
apps/anytree/src/anytree/node/lightnodemixin.py,anytree.node.lightnodemixin,siblings,math,math,tuple
apps/anytree/src/anytree/node/lightnodemixin.py,anytree.node.lightnodemixin,children,apps/anytree/src/anytree/node/nodemixin.py,anytree.node.nodemixin,self._pre_attach_children
apps/anytree/src/anytree/node/lightnodemixin.py,anytree.node.lightnodemixin,__check_loop,apps/anytree/src/anytree/node/nodemixin.py,anytree.node.nodemixin,node.iter_path_reverse
apps/anytree/src/anytree/resolver.py,anytree.resolver,__match,apps/anytree/src/anytree/resolver.py,anytree.resolver,Resolver.__translate
apps/anytree/src/anytree/iterators/postorderiter.py,anytree.iterators.postorderiter,__next,apps/anytree/src/anytree/search.py,anytree.search,filter_
apps/anytree/src/anytree/walker.py,anytree.walker,walk,math,math,tuple
apps/anytree/src/anytree/node/lightnodemixin.py,anytree.node.lightnodemixin,__check_loop,apps/anytree/src/anytree/node/exceptions.py,anytree.node.exceptions.LoopError,LoopError
apps/anytree/src/anytree/node/lightnodemixin.py,anytree.node.lightnodemixin,depth,apps/anytree/src/anytree/node/nodemixin.py,anytree.node.nodemixin,self.iter_path_reverse
apps/anytree/src/anytree/resolver.py,anytree.resolver,__match,math,math,len
apps/anytree/src/anytree/render.py,anytree.render,_format_row_any,re,re,str.splitlines
apps/anytree/src/anytree/node/lightnodemixin.py,anytree.node.lightnodemixin,__detach,apps/anytree/src/anytree/node/nodemixin.py,anytree.node.nodemixin,self._pre_detach
apps/anytree/src/anytree/walker.py,anytree.walker,walk,logging,logging,reversed
apps/anytree/src/anytree/resolver.py,anytree.resolver,__match,apps/anytree/src/anytree/cachedsearch.py,anytree.cachedsearch,Resolver._match_cache.clear
apps/anytree/src/anytree/node/lightnodemixin.py,anytree.node.lightnodemixin,children,apps/anytree/src/anytree/node/nodemixin.py,anytree.node.nodemixin,self._post_attach_children
apps/anytree/src/anytree/node/lightnodemixin.py,anytree.node.lightnodemixin,depth,re,re,enumerate
apps/anytree/src/anytree/render.py,anytree.render,__init__,apps/anytree/src/anytree/render.py,anytree.render,style
apps/anytree/src/anytree/render.py,anytree.render,_format_row_any,tokenize,tokenize,str
apps/anytree/src/anytree/node/lightnodemixin.py,anytree.node.lightnodemixin,children,math,math,len
apps/anytree/src/anytree/node/lightnodemixin.py,anytree.node.lightnodemixin,height,audioop,audioop,max
apps/anytree/src/anytree/node/lightnodemixin.py,anytree.node.lightnodemixin,__detach,tokenize,tokenize,any
apps/anytree/src/anytree/render.py,anytree.render,__iter__,apps/anytree/src/anytree/render.py,anytree.render,self.__next
apps/anytree/src/anytree/render.py,anytree.render,_is_last,math,math,iter
apps/anytree/src/anytree/exporter/jsonexporter.py,anytree.exporter.jsonexporter,_export,apps/anytree/src/anytree/exporter/dictexporter.py,anytree.exporter.dictexporter.DictExporter,DictExporter
apps/anytree/src/anytree/search.py,anytree.search,_findall,apps/anytree/src/anytree/search.py,anytree.search.CountError,CountError
apps/anytree/src/anytree/node/lightnodemixin.py,anytree.node.lightnodemixin,children,math,math,len
apps/anytree/src/anytree/search.py,anytree.search,_filter_by_name,apps/anytree/src/anytree/render.py,anytree.render,getattr
apps/anytree/src/anytree/node/lightnodemixin.py,anytree.node.lightnodemixin,is_leaf,math,math,len
apps/anytree/src/anytree/render.py,anytree.render,_is_last,math,math,next
apps/anytree/src/anytree/node/lightnodemixin.py,anytree.node.lightnodemixin,children,apps/anytree/src/anytree/node/nodemixin.py,anytree.node.nodemixin,self._pre_detach_children
apps/anytree/src/anytree/config.py,anytree.config,__init__,shutil,shutil,int
apps/anytree/src/anytree/node/lightnodemixin.py,anytree.node.lightnodemixin,leaves,apps/anytree/src/anytree/iterators/preorderiter.py,anytree.iterators.preorderiter.PreOrderIter,PreOrderIter
apps/anytree/src/anytree/node/lightnodemixin.py,anytree.node.lightnodemixin,children,math,math,len
apps/anytree/src/anytree/node/lightnodemixin.py,anytree.node.lightnodemixin,leaves,math,math,tuple
apps/anytree/src/anytree/exporter/mermaidexporter.py,anytree.exporter.mermaidexporter,__init__,platform,platform,itertools.count
apps/anytree/src/anytree/node/lightnodemixin.py,anytree.node.lightnodemixin,children,apps/anytree/src/anytree/node/nodemixin.py,anytree.node.nodemixin,self._post_detach_children
apps/anytree/src/anytree/render.py,anytree.render,_is_last,math,math,next
apps/anytree/src/anytree/node/util.py,anytree.node.util,_repr,logging,logging,filter
apps/anytree/src/anytree/render.py,anytree.render,__next,apps/anytree/src/anytree/render.py,anytree.render,RenderTree.__item
apps/anytree/src/anytree/search.py,anytree.search,__init__,math,math,super
apps/anytree/src/anytree/exporter/mermaidexporter.py,anytree.exporter.mermaidexporter,_default_nodefunc,apps/anytree/src/anytree/exporter/mermaidexporter.py,anytree.exporter.mermaidexporter,MermaidExporter.esc
