name,files,modules,variables
AbstractStyle,apps/anytree/src/anytree/render.py,anytree.render.AbstractStyle,self.vertical
AbstractStyle,apps/anytree/src/anytree/render.py,anytree.render.AbstractStyle,self.cont
AbstractStyle,apps/anytree/src/anytree/render.py,anytree.render.AbstractStyle,self.end
RenderTree,apps/anytree/src/anytree/render.py,anytree.render.RenderTree,self.node
RenderTree,apps/anytree/src/anytree/render.py,anytree.render.RenderTree,self.style
RenderTree,apps/anytree/src/anytree/render.py,anytree.render.RenderTree,self.childiter
RenderTree,apps/anytree/src/anytree/render.py,anytree.render.RenderTree,self.maxlevel
Resolver,apps/anytree/src/anytree/resolver.py,anytree.resolver.Resolver,self.pathattr
Resolver,apps/anytree/src/anytree/resolver.py,anytree.resolver.Resolver,self.ignorecase
Resolver,apps/anytree/src/anytree/resolver.py,anytree.resolver.Resolver,self.relax
ResolverError,apps/anytree/src/anytree/resolver.py,anytree.resolver.ResolverError,self.node
ResolverError,apps/anytree/src/anytree/resolver.py,anytree.resolver.ResolverError,self.child
RootResolverError,apps/anytree/src/anytree/resolver.py,anytree.resolver.RootResolverError,msg
ChildResolverError,apps/anytree/src/anytree/resolver.py,anytree.resolver.ChildResolverError,names
ChildResolverError,apps/anytree/src/anytree/resolver.py,anytree.resolver.ChildResolverError,msg
DictExporter,apps/anytree/src/anytree/exporter/dictexporter.py,anytree.exporter.dictexporter.DictExporter,self.dictcls
DictExporter,apps/anytree/src/anytree/exporter/dictexporter.py,anytree.exporter.dictexporter.DictExporter,self.attriter
DictExporter,apps/anytree/src/anytree/exporter/dictexporter.py,anytree.exporter.dictexporter.DictExporter,self.childiter
DictExporter,apps/anytree/src/anytree/exporter/dictexporter.py,anytree.exporter.dictexporter.DictExporter,self.maxlevel
JsonExporter,apps/anytree/src/anytree/exporter/jsonexporter.py,anytree.exporter.jsonexporter.JsonExporter,self.dictexporter
JsonExporter,apps/anytree/src/anytree/exporter/jsonexporter.py,anytree.exporter.jsonexporter.JsonExporter,self.maxlevel
JsonExporter,apps/anytree/src/anytree/exporter/jsonexporter.py,anytree.exporter.jsonexporter.JsonExporter,self.kwargs
MermaidExporter,apps/anytree/src/anytree/exporter/mermaidexporter.py,anytree.exporter.mermaidexporter.MermaidExporter,self.node
MermaidExporter,apps/anytree/src/anytree/exporter/mermaidexporter.py,anytree.exporter.mermaidexporter.MermaidExporter,self.graph
MermaidExporter,apps/anytree/src/anytree/exporter/mermaidexporter.py,anytree.exporter.mermaidexporter.MermaidExporter,self.name
MermaidExporter,apps/anytree/src/anytree/exporter/mermaidexporter.py,anytree.exporter.mermaidexporter.MermaidExporter,self.options
MermaidExporter,apps/anytree/src/anytree/exporter/mermaidexporter.py,anytree.exporter.mermaidexporter.MermaidExporter,self.indent
MermaidExporter,apps/anytree/src/anytree/exporter/mermaidexporter.py,anytree.exporter.mermaidexporter.MermaidExporter,self.nodenamefunc
MermaidExporter,apps/anytree/src/anytree/exporter/mermaidexporter.py,anytree.exporter.mermaidexporter.MermaidExporter,self.nodefunc
MermaidExporter,apps/anytree/src/anytree/exporter/mermaidexporter.py,anytree.exporter.mermaidexporter.MermaidExporter,self.edgefunc
MermaidExporter,apps/anytree/src/anytree/exporter/mermaidexporter.py,anytree.exporter.mermaidexporter.MermaidExporter,self.filter_
MermaidExporter,apps/anytree/src/anytree/exporter/mermaidexporter.py,anytree.exporter.mermaidexporter.MermaidExporter,self.stop
MermaidExporter,apps/anytree/src/anytree/exporter/mermaidexporter.py,anytree.exporter.mermaidexporter.MermaidExporter,self.maxlevel
MermaidExporter,apps/anytree/src/anytree/exporter/mermaidexporter.py,anytree.exporter.mermaidexporter.MermaidExporter,self.__node_ids
MermaidExporter,apps/anytree/src/anytree/exporter/mermaidexporter.py,anytree.exporter.mermaidexporter.MermaidExporter,self.__node_counter
DotExporter,apps/anytree/src/anytree/exporter/dotexporter.py,anytree.exporter.dotexporter.DotExporter,self.node
DotExporter,apps/anytree/src/anytree/exporter/dotexporter.py,anytree.exporter.dotexporter.DotExporter,self.graph
DotExporter,apps/anytree/src/anytree/exporter/dotexporter.py,anytree.exporter.dotexporter.DotExporter,self.name
DotExporter,apps/anytree/src/anytree/exporter/dotexporter.py,anytree.exporter.dotexporter.DotExporter,self.options
DotExporter,apps/anytree/src/anytree/exporter/dotexporter.py,anytree.exporter.dotexporter.DotExporter,self.indent
DotExporter,apps/anytree/src/anytree/exporter/dotexporter.py,anytree.exporter.dotexporter.DotExporter,self.nodenamefunc
DotExporter,apps/anytree/src/anytree/exporter/dotexporter.py,anytree.exporter.dotexporter.DotExporter,self.nodeattrfunc
DotExporter,apps/anytree/src/anytree/exporter/dotexporter.py,anytree.exporter.dotexporter.DotExporter,self.edgeattrfunc
DotExporter,apps/anytree/src/anytree/exporter/dotexporter.py,anytree.exporter.dotexporter.DotExporter,self.edgetypefunc
DotExporter,apps/anytree/src/anytree/exporter/dotexporter.py,anytree.exporter.dotexporter.DotExporter,self.filter_
DotExporter,apps/anytree/src/anytree/exporter/dotexporter.py,anytree.exporter.dotexporter.DotExporter,self.maxlevel
DotExporter,apps/anytree/src/anytree/exporter/dotexporter.py,anytree.exporter.dotexporter.DotExporter,self.stop
UniqueDotExporter,apps/anytree/src/anytree/exporter/dotexporter.py,anytree.exporter.dotexporter.UniqueDotExporter,self.__node_ids
UniqueDotExporter,apps/anytree/src/anytree/exporter/dotexporter.py,anytree.exporter.dotexporter.UniqueDotExporter,self.__node_counter
AnyNode,apps/anytree/src/anytree/node/anynode.py,anytree.node.anynode.AnyNode,self.parent
Node,apps/anytree/src/anytree/node/node.py,anytree.node.node.Node,self.name
Node,apps/anytree/src/anytree/node/node.py,anytree.node.node.Node,self.parent
SymlinkNode,apps/anytree/src/anytree/node/symlinknode.py,anytree.node.symlinknode.SymlinkNode,self.target
SymlinkNode,apps/anytree/src/anytree/node/symlinknode.py,anytree.node.symlinknode.SymlinkNode,self.parent
AbstractIter,apps/anytree/src/anytree/iterators/abstractiter.py,anytree.iterators.abstractiter.AbstractIter,self.node
AbstractIter,apps/anytree/src/anytree/iterators/abstractiter.py,anytree.iterators.abstractiter.AbstractIter,self.filter_
AbstractIter,apps/anytree/src/anytree/iterators/abstractiter.py,anytree.iterators.abstractiter.AbstractIter,self.stop
AbstractIter,apps/anytree/src/anytree/iterators/abstractiter.py,anytree.iterators.abstractiter.AbstractIter,self.maxlevel
AbstractIter,apps/anytree/src/anytree/iterators/abstractiter.py,anytree.iterators.abstractiter.AbstractIter,self.__iter
DictImporter,apps/anytree/src/anytree/importer/dictimporter.py,anytree.importer.dictimporter.DictImporter,self.nodecls
JsonImporter,apps/anytree/src/anytree/importer/jsonimporter.py,anytree.importer.jsonimporter.JsonImporter,self.dictimporter
JsonImporter,apps/anytree/src/anytree/importer/jsonimporter.py,anytree.importer.jsonimporter.JsonImporter,self.kwargs
__init__.py,apps/anytree/src/anytree/__init__.py,anytree.__init__,__version__
__init__.py,apps/anytree/src/anytree/__init__.py,anytree.__init__,__author__
__init__.py,apps/anytree/src/anytree/__init__.py,anytree.__init__,__author_email__
__init__.py,apps/anytree/src/anytree/__init__.py,anytree.__init__,__description__
__init__.py,apps/anytree/src/anytree/__init__.py,anytree.__init__,__url__
__init__.py,apps/anytree/src/anytree/__init__.py,anytree.__init__,LevelGroupOrderIter
__init__.py,apps/anytree/src/anytree/__init__.py,anytree.__init__,__all__
config.py,apps/anytree/src/anytree/config.py,anytree.config,ASSERTIONS
__init__.py,apps/anytree/src/anytree/exporter/__init__.py,anytree.exporter.__init__,__all__
render.py,apps/anytree/src/anytree/render.py,anytree.render,Row
render.py,apps/anytree/src/anytree/render.py,anytree.render,CONT_STYLE
__init__.py,apps/anytree/src/anytree/importer/__init__.py,anytree.importer.__init__,__all__
__init__.py,apps/anytree/src/anytree/iterators/__init__.py,anytree.iterators.__init__,__all__
mermaidexporter.py,apps/anytree/src/anytree/exporter/mermaidexporter.py,anytree.exporter.mermaidexporter,_RE_ESC
dotexporter.py,apps/anytree/src/anytree/exporter/dotexporter.py,anytree.exporter.dotexporter,_RE_ESC
cachedsearch.py,apps/anytree/src/anytree/cachedsearch.py,anytree.cachedsearch,CACHE_SIZE
resolver.py,apps/anytree/src/anytree/resolver.py,anytree.resolver,_MAXCACHE
__init__.py,apps/anytree/src/anytree/node/__init__.py,anytree.node.__init__,__all__
