source-path,source-module,source-operation,target-path,target-module,target-operation,direction
apps/anytree/src/anytree/exporter/dictexporter.py,anytree.exporter.dictexporter.DictExporter,self.maxlevel,apps/anytree/src/anytree/exporter/dictexporter.py,anytree.exporter.dictexporter,maxlevel,WRITE
apps/anytree/src/anytree/exporter/mermaidexporter.py,anytree.exporter.mermaidexporter,self.__node_ids,math,math,next,WRITE
apps/anytree/src/anytree/exporter/dotexporter.py,anytree.exporter.dotexporter,num,math,math,next,WRITE
apps/anytree/src/anytree/node/nodemixin.py,anytree.node.nodemixin,self.__parent,apps/anytree/src/anytree/resolver.py,anytree.resolver,parent,WRITE
apps/anytree/src/anytree/exporter/dotexporter.py,anytree.exporter.dotexporter,filter_,apps/anytree/src/anytree/exporter/dotexporter.py,anytree.exporter.dotexporter.DotExporter,DotExporter,WRITE
apps/anytree/src/anytree/render.py,anytree.render.AbstractStyle,self.vertical,apps/anytree/src/anytree/render.py,anytree.render,vertical,WRITE
apps/anytree/src/anytree/exporter/mermaidexporter.py,anytree.exporter.mermaidexporter,num,math,math,next,WRITE
apps/anytree/src/anytree/render.py,anytree.render,children,apps/anytree/src/anytree/iterators/abstractiter.py,anytree.iterators.abstractiter,node.children,WRITE
apps/anytree/src/anytree/exporter/dotexporter.py,anytree.exporter.dotexporter,filter_,apps/anytree/src/anytree/exporter/dotexporter.py,anytree.exporter.dotexporter.DotExporter,DotExporter,WRITE
apps/anytree/src/anytree/exporter/dotexporter.py,anytree.exporter.dotexporter,self.__node_ids,math,math,next,WRITE
apps/anytree/src/anytree/exporter/dictexporter.py,anytree.exporter.dictexporter,attriter,apps/anytree/src/anytree/exporter/dictexporter.py,anytree.exporter.dictexporter.DictExporter,DictExporter,WRITE
apps/anytree/src/anytree/exporter/dictexporter.py,anytree.exporter.dictexporter,maxlevel,apps/anytree/src/anytree/exporter/dictexporter.py,anytree.exporter.dictexporter.DictExporter,DictExporter,WRITE
apps/anytree/src/anytree/exporter/dotexporter.py,anytree.exporter.dotexporter,edgetype,apps/anytree/src/anytree/exporter/dotexporter.py,anytree.exporter.dotexporter,edgetypefunc,WRITE
apps/anytree/src/anytree/node/nodemixin.py,anytree.node.nodemixin,children,apps/anytree/src/anytree/node/nodemixin.py,anytree.node.nodemixin.NodeMixin,NodeMixin,WRITE
apps/anytree/src/anytree/render.py,anytree.render.AbstractStyle,self.cont,apps/anytree/src/anytree/render.py,anytree.render,cont,WRITE
apps/anytree/src/anytree/resolver.py,anytree.resolver,sep,apps/anytree/src/anytree/iterators/abstractiter.py,anytree.iterators.abstractiter,node.separator,WRITE
apps/anytree/src/anytree/search.py,anytree.search,items,apps/anytree/src/anytree/search.py,anytree.search,_findall,WRITE
apps/anytree/src/anytree/exporter/mermaidexporter.py,anytree.exporter.mermaidexporter,_RE_ESC,apps/anytree/src/anytree/resolver.py,anytree.resolver,re.compile,WRITE
apps/anytree/src/anytree/exporter/dotexporter.py,anytree.exporter.dotexporter,cmd,apps/anytree/src/anytree/resolver.py,anytree.resolver,filename,WRITE
apps/anytree/src/anytree/walker.py,anytree.walker,startpath,apps/anytree/src/anytree/node/nodemixin.py,anytree.node.nodemixin,start.path,WRITE
apps/anytree/src/anytree/exporter/mermaidexporter.py,anytree.exporter.mermaidexporter,num,apps/anytree/src/anytree/exporter/mermaidexporter.py,anytree.exporter.mermaidexporter.MermaidExporter,MermaidExporter,WRITE
apps/anytree/src/anytree/exporter/dotexporter.py,anytree.exporter.dotexporter,cmd,apps/anytree/src/anytree/exporter/dotexporter.py,anytree.exporter.dotexporter,fileformat,WRITE
apps/anytree/src/anytree/render.py,anytree.render,children,apps/anytree/src/anytree/render.py,anytree.render.RenderTree,RenderTree,WRITE
apps/anytree/src/anytree/render.py,anytree.render.AbstractStyle,self.end,apps/anytree/src/anytree/render.py,anytree.render,end,WRITE
apps/anytree/src/anytree/resolver.py,anytree.resolver,parts,apps/anytree/src/anytree/node/nodemixin.py,anytree.node.nodemixin,path.split,WRITE
apps/anytree/src/anytree/node/lightnodemixin.py,anytree.node.lightnodemixin,node,apps/anytree/src/anytree/resolver.py,anytree.resolver,node.parent,WRITE
apps/anytree/src/anytree/exporter/dictexporter.py,anytree.exporter.dictexporter,children,apps/anytree/src/anytree/render.py,anytree.render,childiter,WRITE
apps/anytree/src/anytree/walker.py,anytree.walker,endpath,apps/anytree/src/anytree/node/nodemixin.py,anytree.node.nodemixin,end.path,WRITE
apps/anytree/src/anytree/node/lightnodemixin.py,anytree.node.lightnodemixin,seen,asyncio,asyncio,set,WRITE
apps/anytree/src/anytree/exporter/dotexporter.py,anytree.exporter.dotexporter,edgeattr,apps/anytree/src/anytree/exporter/dotexporter.py,anytree.exporter.dotexporter,edgeattrfunc,WRITE
apps/anytree/src/anytree/importer/jsonimporter.py,anytree.importer.jsonimporter,dictimporter,apps/anytree/src/anytree/importer/jsonimporter.py,anytree.importer.jsonimporter.JsonImporter,JsonImporter,WRITE
apps/anytree/src/anytree/exporter/dictexporter.py,anytree.exporter.dictexporter,attr_values,apps/anytree/src/anytree/exporter/dictexporter.py,anytree.exporter.dictexporter,attriter,WRITE
apps/anytree/src/anytree/exporter/dotexporter.py,anytree.exporter.dotexporter,edgeattr,apps/anytree/src/anytree/exporter/mermaidexporter.py,anytree.exporter.mermaidexporter,edgeattr,WRITE
apps/anytree/src/anytree/node/nodemixin.py,anytree.node.nodemixin,node,apps/anytree/src/anytree/node/nodemixin.py,anytree.node.nodemixin.NodeMixin,NodeMixin,WRITE
apps/anytree/src/anytree/importer/jsonimporter.py,anytree.importer.jsonimporter,dictimporter,apps/anytree/src/anytree/importer/dictimporter.py,anytree.importer.dictimporter.DictImporter,DictImporter,WRITE
apps/anytree/src/anytree/resolver.py,anytree.resolver,re_pat,apps/anytree/src/anytree/resolver.py,anytree.resolver,re.compile,WRITE
apps/anytree/src/anytree/node/anynode.py,anytree.node.anynode,self.children,apps/anytree/src/anytree/render.py,anytree.render,children,WRITE
apps/anytree/src/anytree/importer/dictimporter.py,anytree.importer.dictimporter,attrs,apps/anytree/src/anytree/resolver.py,anytree.resolver,dict,WRITE
apps/anytree/src/anytree/iterators/levelorderiter.py,anytree.iterators.levelorderiter,next_children,apps/anytree/src/anytree/render.py,anytree.render,AbstractIter._get_children,WRITE
apps/anytree/src/anytree/walker.py,anytree.walker,msg,apps/anytree/src/anytree/walker.py,anytree.walker,start,WRITE
apps/anytree/src/anytree/node/lightnodemixin.py,anytree.node.lightnodemixin,node,apps/anytree/src/anytree/node/nodemixin.py,anytree.node.nodemixin.NodeMixin,LightNodeMixin,WRITE
apps/anytree/src/anytree/exporter/jsonexporter.py,anytree.exporter.jsonexporter.JsonExporter,self.maxlevel,apps/anytree/src/anytree/exporter/dictexporter.py,anytree.exporter.dictexporter,maxlevel,WRITE
apps/anytree/src/anytree/exporter/dotexporter.py,anytree.exporter.dotexporter,edgeattr,apps/anytree/src/anytree/exporter/mermaidexporter.py,anytree.exporter.mermaidexporter,edgeattr,WRITE
apps/anytree/src/anytree/exporter/mermaidexporter.py,anytree.exporter.mermaidexporter,node_id,unittest,unittest,id,WRITE
apps/anytree/src/anytree/resolver.py,anytree.resolver,Resolver._match_cache,apps/anytree/src/anytree/resolver.py,anytree.resolver,re.compile,WRITE
apps/anytree/src/anytree/exporter/mermaidexporter.py,anytree.exporter.mermaidexporter.MermaidExporter,self.node,apps/anytree/src/anytree/iterators/abstractiter.py,anytree.iterators.abstractiter,node,WRITE
apps/anytree/src/anytree/exporter/jsonexporter.py,anytree.exporter.jsonexporter.JsonExporter,self.dictexporter,apps/anytree/src/anytree/exporter/jsonexporter.py,anytree.exporter.jsonexporter,dictexporter,WRITE
apps/anytree/src/anytree/iterators/levelorderiter.py,anytree.iterators.levelorderiter,children,apps/anytree/src/anytree/render.py,anytree.render,next_children,WRITE
apps/anytree/src/anytree/node/nodemixin.py,anytree.node.nodemixin,seen,asyncio,asyncio,set,WRITE
apps/anytree/src/anytree/resolver.py,anytree.resolver,flags,logging,logging,re.IGNORECASE,WRITE
apps/anytree/src/anytree/node/nodemixin.py,anytree.node.nodemixin,node,apps/anytree/src/anytree/resolver.py,anytree.resolver,node.parent,WRITE
apps/anytree/src/anytree/config.py,anytree.config,ASSERTIONS,builtins,builtins,bool,WRITE
apps/anytree/src/anytree/render.py,anytree.render,attr,apps/anytree/src/anytree/resolver.py,anytree.resolver,attrname,WRITE
apps/anytree/src/anytree/exporter/mermaidexporter.py,anytree.exporter.mermaidexporter.MermaidExporter,self.graph,apps/anytree/src/anytree/exporter/mermaidexporter.py,anytree.exporter.mermaidexporter,graph,WRITE
apps/anytree/src/anytree/node/lightnodemixin.py,anytree.node.lightnodemixin,childid,unittest,unittest,id,WRITE
apps/anytree/src/anytree/iterators/levelordergroupiter.py,anytree.iterators.levelordergroupiter,children,apps/anytree/src/anytree/render.py,anytree.render,LevelOrderGroupIter._get_grandchildren,WRITE
apps/anytree/src/anytree/iterators/postorderiter.py,anytree.iterators.postorderiter,grandchildren,apps/anytree/src/anytree/render.py,anytree.render,AbstractIter._get_children,WRITE
apps/anytree/src/anytree/importer/dictimporter.py,anytree.importer.dictimporter,children,apps/anytree/src/anytree/importer/dictimporter.py,anytree.importer.dictimporter,attrs.pop,WRITE
apps/anytree/src/anytree/search.py,anytree.search,resultlen,math,math,len,WRITE
apps/anytree/src/anytree/resolver.py,anytree.resolver,node,apps/anytree/src/anytree/iterators/abstractiter.py,anytree.iterators.abstractiter,node.root,WRITE
apps/anytree/src/anytree/importer/dictimporter.py,anytree.importer.dictimporter.DictImporter,self.nodecls,apps/anytree/src/anytree/iterators/abstractiter.py,anytree.iterators.abstractiter,nodecls,WRITE
apps/anytree/src/anytree/node/nodemixin.py,anytree.node.nodemixin,node,apps/anytree/src/anytree/resolver.py,anytree.resolver,node.parent,WRITE
apps/anytree/src/anytree/exporter/mermaidexporter.py,anytree.exporter.mermaidexporter,stop,apps/anytree/src/anytree/exporter/mermaidexporter.py,anytree.exporter.mermaidexporter.MermaidExporter,MermaidExporter,WRITE
apps/anytree/src/anytree/resolver.py,anytree.resolver,rootpart,apps/anytree/src/anytree/render.py,anytree.render,_getattr,WRITE
apps/anytree/src/anytree/exporter/dictexporter.py,anytree.exporter.dictexporter.DictExporter,self.attriter,apps/anytree/src/anytree/exporter/dictexporter.py,anytree.exporter.dictexporter,attriter,WRITE
apps/anytree/src/anytree/exporter/jsonexporter.py,anytree.exporter.jsonexporter,data,apps/anytree/src/anytree/exporter/jsonexporter.py,anytree.exporter.jsonexporter.JsonExporter,JsonExporter,WRITE
apps/anytree/src/anytree/resolver.py,anytree.resolver.Resolver,self.pathattr,apps/anytree/src/anytree/render.py,anytree.render,pathattr,WRITE
apps/anytree/src/anytree/resolver.py,anytree.resolver,matches,apps/anytree/src/anytree/resolver.py,anytree.resolver.Resolver,Resolver,WRITE
apps/anytree/src/anytree/render.py,anytree.render,items,apps/anytree/src/anytree/render.py,anytree.render,continues,WRITE
apps/anytree/src/anytree/exporter/mermaidexporter.py,anytree.exporter.mermaidexporter,filter_,apps/anytree/src/anytree/exporter/mermaidexporter.py,anytree.exporter.mermaidexporter.MermaidExporter,MermaidExporter,WRITE
apps/anytree/src/anytree/exporter/mermaidexporter.py,anytree.exporter.mermaidexporter,nodename,apps/anytree/src/anytree/resolver.py,anytree.resolver,nodenamefunc,WRITE
apps/anytree/src/anytree/resolver.py,anytree.resolver.ChildResolverError,msg,logging,logging,format,WRITE
apps/anytree/src/anytree/node/nodemixin.py,anytree.node.nodemixin,parent,apps/anytree/src/anytree/node/nodemixin.py,anytree.node.nodemixin.NodeMixin,NodeMixin,WRITE
apps/anytree/src/anytree/node/lightnodemixin.py,anytree.node.lightnodemixin,parent,apps/anytree/src/anytree/node/nodemixin.py,anytree.node.nodemixin.NodeMixin,LightNodeMixin,WRITE
apps/anytree/src/anytree/exporter/dotexporter.py,anytree.exporter.dotexporter,cmd,apps/anytree/src/anytree/resolver.py,anytree.resolver,dotfilename,WRITE
apps/anytree/src/anytree/importer/jsonimporter.py,anytree.importer.jsonimporter.JsonImporter,self.dictimporter,apps/anytree/src/anytree/importer/jsonimporter.py,anytree.importer.jsonimporter,dictimporter,WRITE
apps/anytree/src/anytree/resolver.py,anytree.resolver.Resolver,self.ignorecase,apps/anytree/src/anytree/resolver.py,anytree.resolver,ignorecase,WRITE
apps/anytree/src/anytree/exporter/mermaidexporter.py,anytree.exporter.mermaidexporter,edgefunc,apps/anytree/src/anytree/exporter/mermaidexporter.py,anytree.exporter.mermaidexporter.MermaidExporter,MermaidExporter,WRITE
apps/anytree/src/anytree/render.py,anytree.render,attr,apps/anytree/src/anytree/render.py,anytree.render,getattr,WRITE
apps/anytree/src/anytree/exporter/dotexporter.py,anytree.exporter.dotexporter,options,apps/anytree/src/anytree/exporter/dotexporter.py,anytree.exporter.dotexporter.DotExporter,DotExporter,WRITE
apps/anytree/src/anytree/render.py,anytree.render,indent,asyncio,asyncio,join,WRITE
apps/anytree/src/anytree/node/lightnodemixin.py,anytree.node.lightnodemixin,msg,apps/anytree/src/anytree/resolver.py,anytree.resolver,child,WRITE
apps/anytree/src/anytree/iterators/abstractiter.py,anytree.iterators.abstractiter,self.__iter,apps/anytree/src/anytree/iterators/abstractiter.py,anytree.iterators.abstractiter.AbstractIter,AbstractIter,WRITE
apps/anytree/src/anytree/node/symlinknode.py,anytree.node.symlinknode.SymlinkNode,self.parent,apps/anytree/src/anytree/resolver.py,anytree.resolver,parent,WRITE
apps/anytree/src/anytree/node/nodemixin.py,anytree.node.nodemixin,msg,apps/anytree/src/anytree/resolver.py,anytree.resolver,child,WRITE
apps/anytree/src/anytree/exporter/dotexporter.py,anytree.exporter.dotexporter,fileformat,apps/anytree/src/anytree/node/nodemixin.py,anytree.node.nodemixin,path.splitext.path.splitext.path.splitext.path.splitext,WRITE
apps/anytree/src/anytree/node/nodemixin.py,anytree.node.nodemixin,node,apps/anytree/src/anytree/node/nodemixin.py,anytree.node.nodemixin.NodeMixin,NodeMixin,WRITE
apps/anytree/src/anytree/exporter/mermaidexporter.py,anytree.exporter.mermaidexporter,edgefunc,apps/anytree/src/anytree/exporter/mermaidexporter.py,anytree.exporter.mermaidexporter.MermaidExporter,MermaidExporter,WRITE
apps/anytree/src/anytree/resolver.py,anytree.resolver.Resolver,self.relax,apps/anytree/src/anytree/resolver.py,anytree.resolver,relax,WRITE
apps/anytree/src/anytree/render.py,anytree.render.RenderTree,self.style,apps/anytree/src/anytree/render.py,anytree.render,style,WRITE
apps/anytree/src/anytree/__init__.py,anytree.__init__,LevelGroupOrderIter,apps/anytree/src/anytree/iterators/levelordergroupiter.py,anytree.iterators.levelordergroupiter.LevelOrderGroupIter,LevelOrderGroupIter,WRITE
apps/anytree/src/anytree/node/nodemixin.py,anytree.node.nodemixin,parent,apps/anytree/src/anytree/node/nodemixin.py,anytree.node.nodemixin.NodeMixin,NodeMixin,WRITE
apps/anytree/src/anytree/exporter/mermaidexporter.py,anytree.exporter.mermaidexporter,nodefunc,apps/anytree/src/anytree/exporter/mermaidexporter.py,anytree.exporter.mermaidexporter.MermaidExporter,MermaidExporter,WRITE
apps/anytree/src/anytree/node/lightnodemixin.py,anytree.node.lightnodemixin,children,math,math,tuple,WRITE
apps/anytree/src/anytree/node/symlinknode.py,anytree.node.symlinknode,self.children,apps/anytree/src/anytree/render.py,anytree.render,children,WRITE
apps/anytree/src/anytree/resolver.py,anytree.resolver,name,apps/anytree/src/anytree/render.py,anytree.render,_getattr,WRITE
apps/anytree/src/anytree/render.py,anytree.render.RenderTree,self.node,apps/anytree/src/anytree/iterators/abstractiter.py,anytree.iterators.abstractiter,node,WRITE
apps/anytree/src/anytree/exporter/jsonexporter.py,anytree.exporter.jsonexporter,data,apps/anytree/src/anytree/exporter/jsonexporter.py,anytree.exporter.jsonexporter.JsonExporter,JsonExporter,WRITE
apps/anytree/src/anytree/util/__init__.py,anytree.util.__init__,ancestors,apps/anytree/src/anytree/iterators/abstractiter.py,anytree.iterators.abstractiter,nodes,WRITE
apps/anytree/src/anytree/resolver.py,anytree.resolver,node,apps/anytree/src/anytree/resolver.py,anytree.resolver.Resolver,Resolver,WRITE
apps/anytree/src/anytree/resolver.py,anytree.resolver,k,apps/anytree/src/anytree/resolver.py,anytree.resolver,pat,WRITE
apps/anytree/src/anytree/render.py,anytree.render,branch,apps/anytree/src/anytree/render.py,anytree.render,continues.continues,WRITE
apps/anytree/src/anytree/node/nodemixin.py,anytree.node.nodemixin,childid,unittest,unittest,id,WRITE
apps/anytree/src/anytree/node/lightnodemixin.py,anytree.node.lightnodemixin,node,apps/anytree/src/anytree/node/nodemixin.py,anytree.node.nodemixin.NodeMixin,LightNodeMixin,WRITE
apps/anytree/src/anytree/exporter/mermaidexporter.py,anytree.exporter.mermaidexporter,nodefunc,apps/anytree/src/anytree/exporter/mermaidexporter.py,anytree.exporter.mermaidexporter.MermaidExporter,MermaidExporter,WRITE
apps/anytree/src/anytree/exporter/dotexporter.py,anytree.exporter.dotexporter.UniqueDotExporter,self.__node_counter,apps/anytree/src/anytree/resolver.py,anytree.resolver,itertools.count,WRITE
apps/anytree/src/anytree/node/node.py,anytree.node.node.Node,self.name,apps/anytree/src/anytree/resolver.py,anytree.resolver,name,WRITE
apps/anytree/src/anytree/iterators/abstractiter.py,anytree.iterators.abstractiter.AbstractIter,self.filter_,apps/anytree/src/anytree/exporter/dotexporter.py,anytree.exporter.dotexporter,filter_,WRITE
apps/anytree/src/anytree/resolver.py,anytree.resolver,k,apps/anytree/src/anytree/resolver.py,anytree.resolver.Resolver,Resolver,WRITE
apps/anytree/src/anytree/render.py,anytree.render,branch,apps/anytree/src/anytree/render.py,anytree.render,style.cont,WRITE
apps/anytree/src/anytree/resolver.py,anytree.resolver,parts,apps/anytree/src/anytree/resolver.py,anytree.resolver.Resolver,Resolver,WRITE
apps/anytree/src/anytree/exporter/dotexporter.py,anytree.exporter.dotexporter,nodename,apps/anytree/src/anytree/resolver.py,anytree.resolver,nodenamefunc,WRITE
apps/anytree/src/anytree/node/util.py,anytree.node.util,args,apps/anytree/src/anytree/render.py,anytree.render,args,WRITE
apps/anytree/src/anytree/iterators/abstractiter.py,anytree.iterators.abstractiter.AbstractIter,self.node,apps/anytree/src/anytree/iterators/abstractiter.py,anytree.iterators.abstractiter,node,WRITE
apps/anytree/src/anytree/render.py,anytree.render,branch,apps/anytree/src/anytree/render.py,anytree.render,style.end,WRITE
apps/anytree/src/anytree/node/lightnodemixin.py,anytree.node.lightnodemixin,node,apps/anytree/src/anytree/resolver.py,anytree.resolver,node.parent,WRITE
apps/anytree/src/anytree/importer/dictimporter.py,anytree.importer.dictimporter,node,apps/anytree/src/anytree/importer/dictimporter.py,anytree.importer.dictimporter.DictImporter,DictImporter,WRITE
apps/anytree/src/anytree/exporter/dotexporter.py,anytree.exporter.dotexporter,dotfilename,apps/anytree/src/anytree/resolver.py,anytree.resolver,dotfile.name,WRITE
apps/anytree/src/anytree/resolver.py,anytree.resolver,re_pat,apps/anytree/src/anytree/resolver.py,anytree.resolver,Resolver._match_cache.Resolver._match_cache,WRITE
apps/anytree/src/anytree/render.py,anytree.render,pre,apps/anytree/src/anytree/exporter/mermaidexporter.py,anytree.exporter.mermaidexporter,indent,WRITE
apps/anytree/src/anytree/node/lightnodemixin.py,anytree.node.lightnodemixin,parent,apps/anytree/src/anytree/node/nodemixin.py,anytree.node.nodemixin.NodeMixin,LightNodeMixin,WRITE
apps/anytree/src/anytree/node/lightnodemixin.py,anytree.node.lightnodemixin,old_children,apps/anytree/src/anytree/node/nodemixin.py,anytree.node.nodemixin.NodeMixin,LightNodeMixin,WRITE
apps/anytree/src/anytree/render.py,anytree.render,Row,apps/anytree/src/anytree/resolver.py,anytree.resolver,collections.namedtuple,WRITE
apps/anytree/src/anytree/exporter/dotexporter.py,anytree.exporter.dotexporter.DotExporter,self.nodenamefunc,apps/anytree/src/anytree/resolver.py,anytree.resolver,nodenamefunc,WRITE
apps/anytree/src/anytree/render.py,anytree.render,pre,apps/anytree/src/anytree/render.py,anytree.render,branch,WRITE
apps/anytree/src/anytree/exporter/dotexporter.py,anytree.exporter.dotexporter,nodeattr,apps/anytree/src/anytree/exporter/dotexporter.py,anytree.exporter.dotexporter,nodeattrfunc,WRITE
apps/anytree/src/anytree/render.py,anytree.render,lines,apps/anytree/src/anytree/render.py,anytree.render,attr,WRITE
apps/anytree/src/anytree/resolver.py,anytree.resolver,res,apps/anytree/src/anytree/resolver.py,anytree.resolver,Resolver.__translate,WRITE
apps/anytree/src/anytree/exporter/mermaidexporter.py,anytree.exporter.mermaidexporter.MermaidExporter,self.name,apps/anytree/src/anytree/resolver.py,anytree.resolver,name,WRITE
apps/anytree/src/anytree/walker.py,anytree.walker,upwards,math,math,tuple,WRITE
apps/anytree/src/anytree/node/nodemixin.py,anytree.node.nodemixin,msg,apps/anytree/src/anytree/resolver.py,anytree.resolver,child,WRITE
apps/anytree/src/anytree/exporter/dotexporter.py,anytree.exporter.dotexporter.DotExporter,self.nodeattrfunc,apps/anytree/src/anytree/exporter/dotexporter.py,anytree.exporter.dotexporter,nodeattrfunc,WRITE
apps/anytree/src/anytree/resolver.py,anytree.resolver,parent,apps/anytree/src/anytree/resolver.py,anytree.resolver,node.parent,WRITE
apps/anytree/src/anytree/render.py,anytree.render,fill,asyncio,asyncio,join,WRITE
apps/anytree/src/anytree/render.py,anytree.render,lines,apps/anytree/src/anytree/render.py,anytree.render,str.splitlines,WRITE
apps/anytree/src/anytree/exporter/mermaidexporter.py,anytree.exporter.mermaidexporter.MermaidExporter,self.options,apps/anytree/src/anytree/exporter/dotexporter.py,anytree.exporter.dotexporter,options,WRITE
apps/anytree/src/anytree/iterators/zigzaggroupiter.py,anytree.iterators.zigzaggroupiter,_iter,apps/anytree/src/anytree/iterators/levelordergroupiter.py,anytree.iterators.levelordergroupiter.LevelOrderGroupIter,LevelOrderGroupIter,WRITE
apps/anytree/src/anytree/node/node.py,anytree.node.node.Node,self.parent,apps/anytree/src/anytree/resolver.py,anytree.resolver,parent,WRITE
apps/anytree/src/anytree/walker.py,anytree.walker,msg,apps/anytree/src/anytree/render.py,anytree.render,end,WRITE
apps/anytree/src/anytree/exporter/dotexporter.py,anytree.exporter.dotexporter,nodeattr,apps/anytree/src/anytree/iterators/abstractiter.py,anytree.iterators.abstractiter,nodeattr,WRITE
apps/anytree/src/anytree/exporter/dotexporter.py,anytree.exporter.dotexporter.DotExporter,self.edgeattrfunc,apps/anytree/src/anytree/exporter/dotexporter.py,anytree.exporter.dotexporter,edgeattrfunc,WRITE
apps/anytree/src/anytree/resolver.py,anytree.resolver,name,apps/anytree/src/anytree/resolver.py,anytree.resolver,parts.parts,WRITE
apps/anytree/src/anytree/iterators/preorderiter.py,anytree.iterators.preorderiter,descendantmaxlevel,apps/anytree/src/anytree/exporter/dictexporter.py,anytree.exporter.dictexporter,maxlevel,WRITE
apps/anytree/src/anytree/node/nodemixin.py,anytree.node.nodemixin,children,math,math,tuple,WRITE
apps/anytree/src/anytree/exporter/mermaidexporter.py,anytree.exporter.mermaidexporter.MermaidExporter,self.indent,apps/anytree/src/anytree/exporter/mermaidexporter.py,anytree.exporter.mermaidexporter,indent,WRITE
apps/anytree/src/anytree/resolver.py,anytree.resolver.ChildResolverError,names,apps/anytree/src/anytree/iterators/abstractiter.py,anytree.iterators.abstractiter,node.children,WRITE
apps/anytree/src/anytree/exporter/jsonexporter.py,anytree.exporter.jsonexporter.JsonExporter,self.kwargs,apps/anytree/src/anytree/render.py,anytree.render,kwargs,WRITE
apps/anytree/src/anytree/iterators/preorderiter.py,anytree.iterators.preorderiter,descendantmaxlevel,apps/anytree/src/anytree/exporter/dictexporter.py,anytree.exporter.dictexporter,maxlevel,WRITE
apps/anytree/src/anytree/node/lightnodemixin.py,anytree.node.lightnodemixin,child.parent,apps/anytree/src/anytree/node/nodemixin.py,anytree.node.nodemixin.NodeMixin,LightNodeMixin,WRITE
apps/anytree/src/anytree/node/node.py,anytree.node.node,self.children,apps/anytree/src/anytree/render.py,anytree.render,children,WRITE
apps/anytree/src/anytree/search.py,anytree.search,result,math,math,tuple,WRITE
apps/anytree/src/anytree/resolver.py,anytree.resolver,node,apps/anytree/src/anytree/resolver.py,anytree.resolver,parent,WRITE
apps/anytree/src/anytree/resolver.py,anytree.resolver,remainder,apps/anytree/src/anytree/resolver.py,anytree.resolver,parts.parts,WRITE
apps/anytree/src/anytree/exporter/dotexporter.py,anytree.exporter.dotexporter.DotExporter,self.edgetypefunc,apps/anytree/src/anytree/exporter/dotexporter.py,anytree.exporter.dotexporter,edgetypefunc,WRITE
apps/anytree/src/anytree/walker.py,anytree.walker,common,apps/anytree/src/anytree/walker.py,anytree.walker,Walker.__calc_common,WRITE
apps/anytree/src/anytree/exporter/dotexporter.py,anytree.exporter.dotexporter,nodeattr,apps/anytree/src/anytree/iterators/abstractiter.py,anytree.iterators.abstractiter,nodeattr,WRITE
apps/anytree/src/anytree/exporter/mermaidexporter.py,anytree.exporter.mermaidexporter,options,apps/anytree/src/anytree/exporter/mermaidexporter.py,anytree.exporter.mermaidexporter.MermaidExporter,MermaidExporter,WRITE
apps/anytree/src/anytree/walker.py,anytree.walker,down,apps/anytree/src/anytree/walker.py,anytree.walker,endpath.endpath,WRITE
apps/anytree/src/anytree/exporter/mermaidexporter.py,anytree.exporter.mermaidexporter.MermaidExporter,self.nodenamefunc,apps/anytree/src/anytree/resolver.py,anytree.resolver,nodenamefunc,WRITE
apps/anytree/src/anytree/exporter/mermaidexporter.py,anytree.exporter.mermaidexporter,nodename,apps/anytree/src/anytree/resolver.py,anytree.resolver,nodenamefunc,WRITE
apps/anytree/src/anytree/node/lightnodemixin.py,anytree.node.lightnodemixin,parentchildren,apps/anytree/src/anytree/resolver.py,anytree.resolver,parent.__children_or_empty,WRITE
apps/anytree/src/anytree/render.py,anytree.render,style,apps/anytree/src/anytree/render.py,anytree.render,style,WRITE
apps/anytree/src/anytree/exporter/jsonexporter.py,anytree.exporter.jsonexporter,dictexporter,apps/anytree/src/anytree/exporter/jsonexporter.py,anytree.exporter.jsonexporter.JsonExporter,JsonExporter,WRITE
apps/anytree/src/anytree/exporter/dotexporter.py,anytree.exporter.dotexporter.DotExporter,self.filter_,apps/anytree/src/anytree/exporter/dotexporter.py,anytree.exporter.dotexporter,filter_,WRITE
apps/anytree/src/anytree/node/node.py,anytree.node.node,args,logging,logging,format,WRITE
apps/anytree/src/anytree/util/__init__.py,anytree.util.__init__,parentnode,apps/anytree/src/anytree/resolver.py,anytree.resolver,parentnodes.parentnodes,WRITE
apps/anytree/src/anytree/importer/jsonimporter.py,anytree.importer.jsonimporter.JsonImporter,self.kwargs,apps/anytree/src/anytree/render.py,anytree.render,kwargs,WRITE
apps/anytree/src/anytree/exporter/dotexporter.py,anytree.exporter.dotexporter,maxlevel,apps/anytree/src/anytree/exporter/dotexporter.py,anytree.exporter.dotexporter.DotExporter,DotExporter,WRITE
apps/anytree/src/anytree/resolver.py,anytree.resolver,node,apps/anytree/src/anytree/resolver.py,anytree.resolver.Resolver,Resolver,WRITE
apps/anytree/src/anytree/resolver.py,anytree.resolver,parent,apps/anytree/src/anytree/resolver.py,anytree.resolver,node.parent,WRITE
apps/anytree/src/anytree/exporter/jsonexporter.py,anytree.exporter.jsonexporter,dictexporter,apps/anytree/src/anytree/exporter/dictexporter.py,anytree.exporter.dictexporter.DictExporter,DictExporter,WRITE
apps/anytree/src/anytree/render.py,anytree.render,iter_,math,math,iter,WRITE
apps/anytree/src/anytree/exporter/mermaidexporter.py,anytree.exporter.mermaidexporter.MermaidExporter,self.stop,apps/anytree/src/anytree/iterators/abstractiter.py,anytree.iterators.abstractiter,stop,WRITE
apps/anytree/src/anytree/exporter/dotexporter.py,anytree.exporter.dotexporter.DotExporter,self.maxlevel,apps/anytree/src/anytree/exporter/dictexporter.py,anytree.exporter.dictexporter,maxlevel,WRITE
apps/anytree/src/anytree/exporter/dictexporter.py,anytree.exporter.dictexporter,data,apps/anytree/src/anytree/render.py,anytree.render,children,WRITE
apps/anytree/src/anytree/node/nodemixin.py,anytree.node.nodemixin,old_children,apps/anytree/src/anytree/node/nodemixin.py,anytree.node.nodemixin.NodeMixin,NodeMixin,WRITE
apps/anytree/src/anytree/walker.py,anytree.walker,len_common,math,math,len,WRITE
apps/anytree/src/anytree/exporter/mermaidexporter.py,anytree.exporter.mermaidexporter.MermaidExporter,self.nodefunc,apps/anytree/src/anytree/iterators/abstractiter.py,anytree.iterators.abstractiter,nodefunc,WRITE
apps/anytree/src/anytree/resolver.py,anytree.resolver,namestr,tokenize,tokenize,str,WRITE
apps/anytree/src/anytree/node/lightnodemixin.py,anytree.node.lightnodemixin,parent.__children,apps/anytree/src/anytree/resolver.py,anytree.resolver,parentchildren,WRITE
apps/anytree/src/anytree/render.py,anytree.render,lines,apps/anytree/src/anytree/render.py,anytree.render,repr.splitlines,WRITE
apps/anytree/src/anytree/exporter/dotexporter.py,anytree.exporter.dotexporter,_RE_ESC,apps/anytree/src/anytree/resolver.py,anytree.resolver,re.compile,WRITE
apps/anytree/src/anytree/node/lightnodemixin.py,anytree.node.lightnodemixin,children,apps/anytree/src/anytree/node/nodemixin.py,anytree.node.nodemixin.NodeMixin,LightNodeMixin,WRITE
apps/anytree/src/anytree/resolver.py,anytree.resolver.RootResolverError,msg,apps/anytree/src/anytree/resolver.py,anytree.resolver,root,WRITE
apps/anytree/src/anytree/exporter/mermaidexporter.py,anytree.exporter.mermaidexporter.MermaidExporter,self.filter_,apps/anytree/src/anytree/exporter/dotexporter.py,anytree.exporter.dotexporter,filter_,WRITE
apps/anytree/src/anytree/exporter/dotexporter.py,anytree.exporter.dotexporter.DotExporter,self.stop,apps/anytree/src/anytree/iterators/abstractiter.py,anytree.iterators.abstractiter,stop,WRITE
apps/anytree/src/anytree/node/nodemixin.py,anytree.node.nodemixin,parentchildren,apps/anytree/src/anytree/resolver.py,anytree.resolver,parent.__children_or_empty,WRITE
apps/anytree/src/anytree/util/__init__.py,anytree.util.__init__,idx,apps/anytree/src/anytree/render.py,anytree.render,pchildren.index,WRITE
apps/anytree/src/anytree/exporter/dotexporter.py,anytree.exporter.dotexporter,indent,apps/anytree/src/anytree/exporter/dotexporter.py,anytree.exporter.dotexporter.DotExporter,DotExporter,WRITE
apps/anytree/src/anytree/node/anynode.py,anytree.node.anynode.AnyNode,self.parent,apps/anytree/src/anytree/resolver.py,anytree.resolver,parent,WRITE
apps/anytree/src/anytree/iterators/abstractiter.py,anytree.iterators.abstractiter,filter_,apps/anytree/src/anytree/iterators/abstractiter.py,anytree.iterators.abstractiter.AbstractIter,AbstractIter,WRITE
apps/anytree/src/anytree/node/lightnodemixin.py,anytree.node.lightnodemixin,self.children,apps/anytree/src/anytree/render.py,anytree.render,old_children,WRITE
apps/anytree/src/anytree/exporter/dotexporter.py,anytree.exporter.dotexporter,maxlevel,apps/anytree/src/anytree/exporter/dotexporter.py,anytree.exporter.dotexporter.DotExporter,DotExporter,WRITE
apps/anytree/src/anytree/exporter/jsonexporter.py,anytree.exporter.jsonexporter,dictexporter.maxlevel,apps/anytree/src/anytree/exporter/jsonexporter.py,anytree.exporter.jsonexporter.JsonExporter,JsonExporter,WRITE
apps/anytree/src/anytree/render.py,anytree.render,nextitem,math,math,next,WRITE
apps/anytree/src/anytree/iterators/abstractiter.py,anytree.iterators.abstractiter,filter_,apps/anytree/src/anytree/exporter/dotexporter.py,anytree.exporter.dotexporter,AbstractIter.__default_filter,WRITE
apps/anytree/src/anytree/node/symlinknode.py,anytree.node.symlinknode.SymlinkNode,self.target,apps/anytree/src/anytree/render.py,anytree.render,target,WRITE
apps/anytree/src/anytree/exporter/mermaidexporter.py,anytree.exporter.mermaidexporter.MermaidExporter,self.edgefunc,apps/anytree/src/anytree/exporter/mermaidexporter.py,anytree.exporter.mermaidexporter,edgefunc,WRITE
apps/anytree/src/anytree/node/lightnodemixin.py,anytree.node.lightnodemixin,children,apps/anytree/src/anytree/node/nodemixin.py,anytree.node.nodemixin.NodeMixin,LightNodeMixin,WRITE
apps/anytree/src/anytree/resolver.py,anytree.resolver.ResolverError,self.child,apps/anytree/src/anytree/resolver.py,anytree.resolver,child,WRITE
apps/anytree/src/anytree/exporter/mermaidexporter.py,anytree.exporter.mermaidexporter,maxlevel,apps/anytree/src/anytree/exporter/mermaidexporter.py,anytree.exporter.mermaidexporter.MermaidExporter,MermaidExporter,WRITE
apps/anytree/src/anytree/node/nodemixin.py,anytree.node.nodemixin,msg,apps/anytree/src/anytree/search.py,anytree.search,value,WRITE
apps/anytree/src/anytree/exporter/dotexporter.py,anytree.exporter.dotexporter,nodename,apps/anytree/src/anytree/resolver.py,anytree.resolver,nodenamefunc,WRITE
apps/anytree/src/anytree/render.py,anytree.render.RenderTree,self.childiter,apps/anytree/src/anytree/render.py,anytree.render,childiter,WRITE
apps/anytree/src/anytree/iterators/abstractiter.py,anytree.iterators.abstractiter,stop,apps/anytree/src/anytree/iterators/abstractiter.py,anytree.iterators.abstractiter.AbstractIter,AbstractIter,WRITE
apps/anytree/src/anytree/exporter/mermaidexporter.py,anytree.exporter.mermaidexporter,maxlevel,apps/anytree/src/anytree/exporter/mermaidexporter.py,anytree.exporter.mermaidexporter.MermaidExporter,MermaidExporter,WRITE
apps/anytree/src/anytree/node/nodemixin.py,anytree.node.nodemixin,parent.__children,apps/anytree/src/anytree/resolver.py,anytree.resolver,parentchildren,WRITE
apps/anytree/src/anytree/node/nodemixin.py,anytree.node.nodemixin,child.parent,apps/anytree/src/anytree/node/nodemixin.py,anytree.node.nodemixin.NodeMixin,NodeMixin,WRITE
apps/anytree/src/anytree/exporter/dotexporter.py,anytree.exporter.dotexporter,nodenamefunc,apps/anytree/src/anytree/exporter/dotexporter.py,anytree.exporter.dotexporter.DotExporter,DotExporter,WRITE
apps/anytree/src/anytree/resolver.py,anytree.resolver.ResolverError,self.node,apps/anytree/src/anytree/iterators/abstractiter.py,anytree.iterators.abstractiter,node,WRITE
apps/anytree/src/anytree/util/__init__.py,anytree.util.__init__,pchildren,apps/anytree/src/anytree/resolver.py,anytree.resolver,node.parent.children,WRITE
apps/anytree/src/anytree/exporter/mermaidexporter.py,anytree.exporter.mermaidexporter,childname,apps/anytree/src/anytree/resolver.py,anytree.resolver,nodenamefunc,WRITE
apps/anytree/src/anytree/iterators/abstractiter.py,anytree.iterators.abstractiter,stop,apps/anytree/src/anytree/iterators/abstractiter.py,anytree.iterators.abstractiter,AbstractIter.__default_stop,WRITE
apps/anytree/src/anytree/render.py,anytree.render,classname,apps/anytree/src/anytree/render.py,anytree.render.AbstractStyle,AbstractStyle,WRITE
apps/anytree/src/anytree/iterators/abstractiter.py,anytree.iterators.abstractiter.AbstractIter,self.stop,apps/anytree/src/anytree/iterators/abstractiter.py,anytree.iterators.abstractiter,stop,WRITE
apps/anytree/src/anytree/exporter/dotexporter.py,anytree.exporter.dotexporter.DotExporter,self.node,apps/anytree/src/anytree/iterators/abstractiter.py,anytree.iterators.abstractiter,node,WRITE
apps/anytree/src/anytree/render.py,anytree.render,item,apps/anytree/src/anytree/render.py,anytree.render,nextitem,WRITE
apps/anytree/src/anytree/exporter/dotexporter.py,anytree.exporter.dotexporter,nodenamefunc,apps/anytree/src/anytree/exporter/dotexporter.py,anytree.exporter.dotexporter.DotExporter,DotExporter,WRITE
apps/anytree/src/anytree/exporter/mermaidexporter.py,anytree.exporter.mermaidexporter.MermaidExporter,self.maxlevel,apps/anytree/src/anytree/exporter/dictexporter.py,anytree.exporter.dictexporter,maxlevel,WRITE
apps/anytree/src/anytree/search.py,anytree.search,msg,logging,logging,repr,WRITE
apps/anytree/src/anytree/util/__init__.py,anytree.util.__init__,idx,apps/anytree/src/anytree/render.py,anytree.render,pchildren.index,WRITE
apps/anytree/src/anytree/node/util.py,anytree.node.util,classname,apps/anytree/src/anytree/resolver.py,anytree.resolver,node.__class__.__name__,WRITE
apps/anytree/src/anytree/exporter/mermaidexporter.py,anytree.exporter.mermaidexporter.MermaidExporter,self.__node_counter,apps/anytree/src/anytree/resolver.py,anytree.resolver,itertools.count,WRITE
apps/anytree/src/anytree/node/lightnodemixin.py,anytree.node.lightnodemixin,parentchildren,apps/anytree/src/anytree/resolver.py,anytree.resolver,parent.__children_or_empty,WRITE
apps/anytree/src/anytree/iterators/abstractiter.py,anytree.iterators.abstractiter.AbstractIter,self.maxlevel,apps/anytree/src/anytree/exporter/dictexporter.py,anytree.exporter.dictexporter,maxlevel,WRITE
apps/anytree/src/anytree/iterators/abstractiter.py,anytree.iterators.abstractiter,children,apps/anytree/src/anytree/iterators/abstractiter.py,anytree.iterators.abstractiter,AbstractIter._abort_at_level,WRITE
apps/anytree/src/anytree/exporter/dotexporter.py,anytree.exporter.dotexporter.DotExporter,self.graph,apps/anytree/src/anytree/exporter/mermaidexporter.py,anytree.exporter.mermaidexporter,graph,WRITE
apps/anytree/src/anytree/exporter/dotexporter.py,anytree.exporter.dotexporter,nodeattrfunc,apps/anytree/src/anytree/exporter/dotexporter.py,anytree.exporter.dotexporter.DotExporter,DotExporter,WRITE
apps/anytree/src/anytree/exporter/dictexporter.py,anytree.exporter.dictexporter.DictExporter,self.dictcls,apps/anytree/src/anytree/exporter/dictexporter.py,anytree.exporter.dictexporter,dictcls,WRITE
apps/anytree/src/anytree/iterators/abstractiter.py,anytree.iterators.abstractiter,children,apps/anytree/src/anytree/render.py,anytree.render,AbstractIter._get_children,WRITE
apps/anytree/src/anytree/exporter/dotexporter.py,anytree.exporter.dotexporter,nodeattrfunc,apps/anytree/src/anytree/exporter/dotexporter.py,anytree.exporter.dotexporter.DotExporter,DotExporter,WRITE
apps/anytree/src/anytree/render.py,anytree.render,nextitem,math,math,next,WRITE
apps/anytree/src/anytree/exporter/mermaidexporter.py,anytree.exporter.mermaidexporter,edge,apps/anytree/src/anytree/exporter/mermaidexporter.py,anytree.exporter.mermaidexporter,edgefunc,WRITE
apps/anytree/src/anytree/render.py,anytree.render,classname,apps/anytree/src/anytree/render.py,anytree.render.RenderTree,RenderTree,WRITE
apps/anytree/src/anytree/resolver.py,anytree.resolver,matches,apps/anytree/src/anytree/resolver.py,anytree.resolver.Resolver,Resolver,WRITE
apps/anytree/src/anytree/node/util.py,anytree.node.util,nameblacklist,apps/anytree/src/anytree/node/util.py,anytree.node.util,nameblacklist,WRITE
apps/anytree/src/anytree/exporter/dotexporter.py,anytree.exporter.dotexporter.DotExporter,self.name,apps/anytree/src/anytree/resolver.py,anytree.resolver,name,WRITE
apps/anytree/src/anytree/iterators/abstractiter.py,anytree.iterators.abstractiter,node,apps/anytree/src/anytree/iterators/abstractiter.py,anytree.iterators.abstractiter.AbstractIter,AbstractIter,WRITE
apps/anytree/src/anytree/exporter/dotexporter.py,anytree.exporter.dotexporter,edgeattrfunc,apps/anytree/src/anytree/exporter/dotexporter.py,anytree.exporter.dotexporter.DotExporter,DotExporter,WRITE
apps/anytree/src/anytree/iterators/levelordergroupiter.py,anytree.iterators.levelordergroupiter,next_children,apps/anytree/src/anytree/render.py,anytree.render,next_children,WRITE
apps/anytree/src/anytree/render.py,anytree.render,args,logging,logging,repr,WRITE
apps/anytree/src/anytree/resolver.py,anytree.resolver,node,apps/anytree/src/anytree/resolver.py,anytree.resolver.Resolver,Resolver,WRITE
apps/anytree/src/anytree/exporter/dotexporter.py,anytree.exporter.dotexporter,num,apps/anytree/src/anytree/exporter/dotexporter.py,anytree.exporter.dotexporter.DotExporter,UniqueDotExporter,WRITE
apps/anytree/src/anytree/resolver.py,anytree.resolver,re_pat,apps/anytree/src/anytree/exporter/mermaidexporter.py,anytree.exporter.mermaidexporter,re.escape,WRITE
apps/anytree/src/anytree/exporter/dictexporter.py,anytree.exporter.dictexporter.DictExporter,self.childiter,apps/anytree/src/anytree/render.py,anytree.render,childiter,WRITE
apps/anytree/src/anytree/exporter/mermaidexporter.py,anytree.exporter.mermaidexporter,indent,apps/anytree/src/anytree/exporter/mermaidexporter.py,anytree.exporter.mermaidexporter.MermaidExporter,MermaidExporter,WRITE
apps/anytree/src/anytree/exporter/dotexporter.py,anytree.exporter.dotexporter.DotExporter,self.options,apps/anytree/src/anytree/exporter/dotexporter.py,anytree.exporter.dotexporter,options,WRITE
apps/anytree/src/anytree/node/nodemixin.py,anytree.node.nodemixin,parentchildren,apps/anytree/src/anytree/resolver.py,anytree.resolver,parent.__children_or_empty,WRITE
apps/anytree/src/anytree/node/nodemixin.py,anytree.node.nodemixin,self.children,apps/anytree/src/anytree/render.py,anytree.render,old_children,WRITE
apps/anytree/src/anytree/exporter/dotexporter.py,anytree.exporter.dotexporter,edgeattrfunc,apps/anytree/src/anytree/exporter/dotexporter.py,anytree.exporter.dotexporter.DotExporter,DotExporter,WRITE
apps/anytree/src/anytree/render.py,anytree.render,item,apps/anytree/src/anytree/render.py,anytree.render,nextitem,WRITE
apps/anytree/src/anytree/iterators/levelordergroupiter.py,anytree.iterators.levelordergroupiter,next_children,apps/anytree/src/anytree/render.py,anytree.render,AbstractIter._get_children,WRITE
apps/anytree/src/anytree/render.py,anytree.render,args,apps/anytree/src/anytree/render.py,anytree.render.RenderTree,RenderTree,WRITE
apps/anytree/src/anytree/exporter/dotexporter.py,anytree.exporter.dotexporter,childname,apps/anytree/src/anytree/resolver.py,anytree.resolver,nodenamefunc,WRITE
apps/anytree/src/anytree/exporter/dotexporter.py,anytree.exporter.dotexporter,node_id,unittest,unittest,id,WRITE
apps/anytree/src/anytree/iterators/abstractiter.py,anytree.iterators.abstractiter,maxlevel,apps/anytree/src/anytree/iterators/abstractiter.py,anytree.iterators.abstractiter.AbstractIter,AbstractIter,WRITE
apps/anytree/src/anytree/render.py,anytree.render.RenderTree,self.maxlevel,apps/anytree/src/anytree/exporter/dictexporter.py,anytree.exporter.dictexporter,maxlevel,WRITE
apps/anytree/src/anytree/resolver.py,anytree.resolver,parts,apps/anytree/src/anytree/resolver.py,anytree.resolver.Resolver,Resolver,WRITE
apps/anytree/src/anytree/node/nodemixin.py,anytree.node.nodemixin,children,apps/anytree/src/anytree/node/nodemixin.py,anytree.node.nodemixin.NodeMixin,NodeMixin,WRITE
apps/anytree/src/anytree/node/lightnodemixin.py,anytree.node.lightnodemixin,self.__parent,apps/anytree/src/anytree/resolver.py,anytree.resolver,parent,WRITE
apps/anytree/src/anytree/exporter/dotexporter.py,anytree.exporter.dotexporter.DotExporter,self.indent,apps/anytree/src/anytree/exporter/mermaidexporter.py,anytree.exporter.mermaidexporter,indent,WRITE
apps/anytree/src/anytree/exporter/mermaidexporter.py,anytree.exporter.mermaidexporter,nodenamefunc,apps/anytree/src/anytree/exporter/mermaidexporter.py,anytree.exporter.mermaidexporter.MermaidExporter,MermaidExporter,WRITE
apps/anytree/src/anytree/util/__init__.py,anytree.util.__init__,pchildren,apps/anytree/src/anytree/resolver.py,anytree.resolver,node.parent.children,WRITE
apps/anytree/src/anytree/render.py,anytree.render,args,apps/anytree/src/anytree/render.py,anytree.render.RenderTree,RenderTree,WRITE
apps/anytree/src/anytree/exporter/dotexporter.py,anytree.exporter.dotexporter,edgetypefunc,apps/anytree/src/anytree/exporter/dotexporter.py,anytree.exporter.dotexporter.DotExporter,DotExporter,WRITE
apps/anytree/src/anytree/exporter/mermaidexporter.py,anytree.exporter.mermaidexporter,nodenamefunc,apps/anytree/src/anytree/exporter/mermaidexporter.py,anytree.exporter.mermaidexporter.MermaidExporter,MermaidExporter,WRITE
apps/anytree/src/anytree/exporter/dotexporter.py,anytree.exporter.dotexporter,edgetypefunc,apps/anytree/src/anytree/exporter/dotexporter.py,anytree.exporter.dotexporter.DotExporter,DotExporter,WRITE
apps/anytree/src/anytree/exporter/dictexporter.py,anytree.exporter.dictexporter,data,apps/anytree/src/anytree/exporter/dictexporter.py,anytree.exporter.dictexporter,dictcls,WRITE
apps/anytree/src/anytree/render.py,anytree.render,CONT_STYLE,apps/anytree/src/anytree/render.py,anytree.render.ContStyle,ContStyle,WRITE
