common-block,file,module,operation,direction
Analyzer,apps/UXsim/uxsim/analyzer.py,uxsim.analyzer.Analyzer,s.W,WRITE
Analyzer,apps/UXsim/uxsim/analyzer.py,uxsim.analyzer.Analyzer,s.average_speed,WRITE
Analyzer,apps/UXsim/uxsim/analyzer.py,uxsim.analyzer.Analyzer,s.average_speed_count,WRITE
Analyzer,apps/UXsim/uxsim/analyzer.py,uxsim.analyzer.Analyzer,s.trip_completed,WRITE
Analyzer,apps/UXsim/uxsim/analyzer.py,uxsim.analyzer.Analyzer,s.trip_all,WRITE
Analyzer,apps/UXsim/uxsim/analyzer.py,uxsim.analyzer.Analyzer,s.total_travel_time,WRITE
Analyzer,apps/UXsim/uxsim/analyzer.py,uxsim.analyzer.Analyzer,s.average_travel_time,WRITE
Analyzer,apps/UXsim/uxsim/analyzer.py,uxsim.analyzer.Analyzer,s.flag_edie_state_computed,WRITE
Analyzer,apps/UXsim/uxsim/analyzer.py,uxsim.analyzer.Analyzer,s.flag_trajectory_computed,WRITE
Analyzer,apps/UXsim/uxsim/analyzer.py,uxsim.analyzer.Analyzer,s.flag_pandas_convert,WRITE
Analyzer,apps/UXsim/uxsim/analyzer.py,uxsim.analyzer.Analyzer,s.flag_od_analysis,WRITE
Analyzer,apps/UXsim/uxsim/analyzer.py,uxsim.analyzer.Analyzer,s.font_data,WRITE
Analyzer,apps/UXsim/uxsim/analyzer.py,uxsim.analyzer.Analyzer,s.font_file_like,WRITE
Analyzer,apps/UXsim/uxsim/analyzer.py,uxsim.analyzer.Analyzer,plt.rcParams,WRITE
Node,apps/UXsim/uxsim/uxsim.py,uxsim.uxsim.Node,s.W,WRITE
Node,apps/UXsim/uxsim/uxsim.py,uxsim.uxsim.Node,s.x,WRITE
Node,apps/UXsim/uxsim/uxsim.py,uxsim.uxsim.Node,s.y,WRITE
Node,apps/UXsim/uxsim/uxsim.py,uxsim.uxsim.Node,s.attribute,WRITE
Node,apps/UXsim/uxsim/uxsim.py,uxsim.uxsim.Node,s.user_attribute,WRITE
Node,apps/UXsim/uxsim/uxsim.py,uxsim.uxsim.Node,s.user_function,WRITE
Node,apps/UXsim/uxsim/uxsim.py,uxsim.uxsim.Node,s.inlinks,WRITE
Node,apps/UXsim/uxsim/uxsim.py,uxsim.uxsim.Node,s.outlinks,WRITE
Node,apps/UXsim/uxsim/uxsim.py,uxsim.uxsim.Node,s.incoming_vehicles,WRITE
Node,apps/UXsim/uxsim/uxsim.py,uxsim.uxsim.Node,s.generation_queue,WRITE
Node,apps/UXsim/uxsim/uxsim.py,uxsim.uxsim.Node,s.signal,WRITE
Node,apps/UXsim/uxsim/uxsim.py,uxsim.uxsim.Node,s.cycle_length,WRITE
Node,apps/UXsim/uxsim/uxsim.py,uxsim.uxsim.Node,s.signal_phase,WRITE
Node,apps/UXsim/uxsim/uxsim.py,uxsim.uxsim.Node,s.signal_t,WRITE
Node,apps/UXsim/uxsim/uxsim.py,uxsim.uxsim.Node,s.signal_offset,WRITE
Node,apps/UXsim/uxsim/uxsim.py,uxsim.uxsim.Node,offset,WRITE
Node,apps/UXsim/uxsim/uxsim.py,uxsim.uxsim.Node,s.signal_log,WRITE
Node,apps/UXsim/uxsim/uxsim.py,uxsim.uxsim.Node,s.flag_lanes_automatically_determined,WRITE
Node,apps/UXsim/uxsim/uxsim.py,uxsim.uxsim.Node,s.number_of_lanes,WRITE
Node,apps/UXsim/uxsim/uxsim.py,uxsim.uxsim.Node,s.id,WRITE
Node,apps/UXsim/uxsim/uxsim.py,uxsim.uxsim.Node,s.name,WRITE
Node,apps/UXsim/uxsim/uxsim.py,uxsim.uxsim.Node,s.auto_rename,WRITE
Node,apps/UXsim/uxsim/uxsim.py,uxsim.uxsim.Node,s.W.NODES_NAME_DICT,WRITE
Link,apps/UXsim/uxsim/uxsim.py,uxsim.uxsim.Link,s.W,WRITE
Link,apps/UXsim/uxsim/uxsim.py,uxsim.uxsim.Link,s.start_node,WRITE
Link,apps/UXsim/uxsim/uxsim.py,uxsim.uxsim.Link,s.end_node,WRITE
Link,apps/UXsim/uxsim/uxsim.py,uxsim.uxsim.Link,s.length,WRITE
Link,apps/UXsim/uxsim/uxsim.py,uxsim.uxsim.Link,s.number_of_lanes,WRITE
Link,apps/UXsim/uxsim/uxsim.py,uxsim.uxsim.Link,s.u,WRITE
Link,apps/UXsim/uxsim/uxsim.py,uxsim.uxsim.Link,s.kappa,WRITE
Link,apps/UXsim/uxsim/uxsim.py,uxsim.uxsim.Link,s.tau,WRITE
Link,apps/UXsim/uxsim/uxsim.py,uxsim.uxsim.Link,s.w,WRITE
Link,apps/UXsim/uxsim/uxsim.py,uxsim.uxsim.Link,s.capacity,WRITE
Link,apps/UXsim/uxsim/uxsim.py,uxsim.uxsim.Link,s.delta,WRITE
Link,apps/UXsim/uxsim/uxsim.py,uxsim.uxsim.Link,s.delta_per_lane,WRITE
Link,apps/UXsim/uxsim/uxsim.py,uxsim.uxsim.Link,s.q_star,WRITE
Link,apps/UXsim/uxsim/uxsim.py,uxsim.uxsim.Link,s.k_star,WRITE
Link,apps/UXsim/uxsim/uxsim.py,uxsim.uxsim.Link,s.free_flow_speed,WRITE
Link,apps/UXsim/uxsim/uxsim.py,uxsim.uxsim.Link,s.jam_density,WRITE
Link,apps/UXsim/uxsim/uxsim.py,uxsim.uxsim.Link,s.jam_density_per_lane,WRITE
Link,apps/UXsim/uxsim/uxsim.py,uxsim.uxsim.Link,s.merge_priority,WRITE
Link,apps/UXsim/uxsim/uxsim.py,uxsim.uxsim.Link,s.vehicles,WRITE
Link,apps/UXsim/uxsim/uxsim.py,uxsim.uxsim.Link,s.traveltime_instant,WRITE
Link,apps/UXsim/uxsim/uxsim.py,uxsim.uxsim.Link,s.route_choice_penalty,WRITE
Link,apps/UXsim/uxsim/uxsim.py,uxsim.uxsim.Link,s.cum_arrival,WRITE
Link,apps/UXsim/uxsim/uxsim.py,uxsim.uxsim.Link,s.cum_departure,WRITE
Link,apps/UXsim/uxsim/uxsim.py,uxsim.uxsim.Link,s.traveltime_actual,WRITE
Link,apps/UXsim/uxsim/uxsim.py,uxsim.uxsim.Link,s.signal_group,WRITE
Link,apps/UXsim/uxsim/uxsim.py,uxsim.uxsim.Link,s.capacity_out,WRITE
Link,apps/UXsim/uxsim/uxsim.py,uxsim.uxsim.Link,s.capacity_out_remain,WRITE
Link,apps/UXsim/uxsim/uxsim.py,uxsim.uxsim.Link,s.capacity_in,WRITE
Link,apps/UXsim/uxsim/uxsim.py,uxsim.uxsim.Link,s.id,WRITE
Link,apps/UXsim/uxsim/uxsim.py,uxsim.uxsim.Link,s.name,WRITE
Link,apps/UXsim/uxsim/uxsim.py,uxsim.uxsim.Link,s.auto_rename,WRITE
Link,apps/UXsim/uxsim/uxsim.py,uxsim.uxsim.Link,s.W.LINKS_NAME_DICT,WRITE
Link,apps/UXsim/uxsim/uxsim.py,uxsim.uxsim.Link,s.start_node.outlinks,WRITE
Link,apps/UXsim/uxsim/uxsim.py,uxsim.uxsim.Link,s.end_node.inlinks,WRITE
Link,apps/UXsim/uxsim/uxsim.py,uxsim.uxsim.Link,s.attribute,WRITE
Link,apps/UXsim/uxsim/uxsim.py,uxsim.uxsim.Link,s.user_attribute,WRITE
Link,apps/UXsim/uxsim/uxsim.py,uxsim.uxsim.Link,s.user_function,WRITE
Link,apps/UXsim/uxsim/uxsim.py,uxsim.uxsim.Link,s._speed,WRITE
Link,apps/UXsim/uxsim/uxsim.py,uxsim.uxsim.Link,s._density,WRITE
Link,apps/UXsim/uxsim/uxsim.py,uxsim.uxsim.Link,s._flow,WRITE
Link,apps/UXsim/uxsim/uxsim.py,uxsim.uxsim.Link,s._num_vehicles,WRITE
Link,apps/UXsim/uxsim/uxsim.py,uxsim.uxsim.Link,s._num_vehicles_queue,WRITE
Link,apps/UXsim/uxsim/uxsim.py,uxsim.uxsim.Link,s.tss,WRITE
Link,apps/UXsim/uxsim/uxsim.py,uxsim.uxsim.Link,s.xss,WRITE
Link,apps/UXsim/uxsim/uxsim.py,uxsim.uxsim.Link,s.cs,WRITE
Link,apps/UXsim/uxsim/uxsim.py,uxsim.uxsim.Link,s.ls,WRITE
Link,apps/UXsim/uxsim/uxsim.py,uxsim.uxsim.Link,s.names,WRITE
Link,apps/UXsim/uxsim/uxsim.py,uxsim.uxsim.Link,s.eular_dx,WRITE
Vehicle,apps/UXsim/uxsim/uxsim.py,uxsim.uxsim.Vehicle,s.W,WRITE
Vehicle,apps/UXsim/uxsim/uxsim.py,uxsim.uxsim.Vehicle,s.orig,WRITE
Vehicle,apps/UXsim/uxsim/uxsim.py,uxsim.uxsim.Vehicle,s.dest,WRITE
Vehicle,apps/UXsim/uxsim/uxsim.py,uxsim.uxsim.Vehicle,s.departure_time_in_second,WRITE
Vehicle,apps/UXsim/uxsim/uxsim.py,uxsim.uxsim.Vehicle,s.arrival_time,WRITE
Vehicle,apps/UXsim/uxsim/uxsim.py,uxsim.uxsim.Vehicle,s.link_arrival_time,WRITE
Vehicle,apps/UXsim/uxsim/uxsim.py,uxsim.uxsim.Vehicle,s.travel_time,WRITE
Vehicle,apps/UXsim/uxsim/uxsim.py,uxsim.uxsim.Vehicle,s.state,WRITE
Vehicle,apps/UXsim/uxsim/uxsim.py,uxsim.uxsim.Vehicle,s.link,WRITE
Vehicle,apps/UXsim/uxsim/uxsim.py,uxsim.uxsim.Vehicle,s.x,WRITE
Vehicle,apps/UXsim/uxsim/uxsim.py,uxsim.uxsim.Vehicle,s.x_next,WRITE
Vehicle,apps/UXsim/uxsim/uxsim.py,uxsim.uxsim.Vehicle,s.x_old,WRITE
Vehicle,apps/UXsim/uxsim/uxsim.py,uxsim.uxsim.Vehicle,s.v,WRITE
Vehicle,apps/UXsim/uxsim/uxsim.py,uxsim.uxsim.Vehicle,s.lane,WRITE
Vehicle,apps/UXsim/uxsim/uxsim.py,uxsim.uxsim.Vehicle,s.leader,WRITE
Vehicle,apps/UXsim/uxsim/uxsim.py,uxsim.uxsim.Vehicle,s.follower,WRITE
Vehicle,apps/UXsim/uxsim/uxsim.py,uxsim.uxsim.Vehicle,s.flag_waiting_for_trip_end,WRITE
Vehicle,apps/UXsim/uxsim/uxsim.py,uxsim.uxsim.Vehicle,s.move_remain,WRITE
Vehicle,apps/UXsim/uxsim/uxsim.py,uxsim.uxsim.Vehicle,s.mode,WRITE
Vehicle,apps/UXsim/uxsim/uxsim.py,uxsim.uxsim.Vehicle,s.dest_list,WRITE
Vehicle,apps/UXsim/uxsim/uxsim.py,uxsim.uxsim.Vehicle,s.node_event,WRITE
Vehicle,apps/UXsim/uxsim/uxsim.py,uxsim.uxsim.Vehicle,s.links_prefer,WRITE
Vehicle,apps/UXsim/uxsim/uxsim.py,uxsim.uxsim.Vehicle,s.links_avoid,WRITE
Vehicle,apps/UXsim/uxsim/uxsim.py,uxsim.uxsim.Vehicle,s.trip_abort,WRITE
Vehicle,apps/UXsim/uxsim/uxsim.py,uxsim.uxsim.Vehicle,s.flag_trip_aborted,WRITE
Vehicle,apps/UXsim/uxsim/uxsim.py,uxsim.uxsim.Vehicle,s.log_t,WRITE
Vehicle,apps/UXsim/uxsim/uxsim.py,uxsim.uxsim.Vehicle,s.log_state,WRITE
Vehicle,apps/UXsim/uxsim/uxsim.py,uxsim.uxsim.Vehicle,s.log_link,WRITE
Vehicle,apps/UXsim/uxsim/uxsim.py,uxsim.uxsim.Vehicle,s.log_x,WRITE
Vehicle,apps/UXsim/uxsim/uxsim.py,uxsim.uxsim.Vehicle,s.log_s,WRITE
Vehicle,apps/UXsim/uxsim/uxsim.py,uxsim.uxsim.Vehicle,s.log_v,WRITE
Vehicle,apps/UXsim/uxsim/uxsim.py,uxsim.uxsim.Vehicle,s.log_lane,WRITE
Vehicle,apps/UXsim/uxsim/uxsim.py,uxsim.uxsim.Vehicle,s.color,WRITE
Vehicle,apps/UXsim/uxsim/uxsim.py,uxsim.uxsim.Vehicle,s.log_t_link,WRITE
Vehicle,apps/UXsim/uxsim/uxsim.py,uxsim.uxsim.Vehicle,s.link_old,WRITE
Vehicle,apps/UXsim/uxsim/uxsim.py,uxsim.uxsim.Vehicle,s.distance_traveled,WRITE
Vehicle,apps/UXsim/uxsim/uxsim.py,uxsim.uxsim.Vehicle,s.attribute,WRITE
Vehicle,apps/UXsim/uxsim/uxsim.py,uxsim.uxsim.Vehicle,s.user_attribute,WRITE
Vehicle,apps/UXsim/uxsim/uxsim.py,uxsim.uxsim.Vehicle,s.user_function,WRITE
Vehicle,apps/UXsim/uxsim/uxsim.py,uxsim.uxsim.Vehicle,s.id,WRITE
Vehicle,apps/UXsim/uxsim/uxsim.py,uxsim.uxsim.Vehicle,s.W.VEHICLES,WRITE
Vehicle,apps/UXsim/uxsim/uxsim.py,uxsim.uxsim.Vehicle,s.W.VEHICLES_LIVING,WRITE
RouteChoice,apps/UXsim/uxsim/uxsim.py,uxsim.uxsim.RouteChoice,s.W,WRITE
RouteChoice,apps/UXsim/uxsim/uxsim.py,uxsim.uxsim.RouteChoice,s.adj_mat_time,WRITE
RouteChoice,apps/UXsim/uxsim/uxsim.py,uxsim.uxsim.RouteChoice,s.dist,WRITE
RouteChoice,apps/UXsim/uxsim/uxsim.py,uxsim.uxsim.RouteChoice,s.next,WRITE
RouteChoice,apps/UXsim/uxsim/uxsim.py,uxsim.uxsim.RouteChoice,s.pred,WRITE
RouteChoice,apps/UXsim/uxsim/uxsim.py,uxsim.uxsim.RouteChoice,s.dist_record,WRITE
RouteChoice,apps/UXsim/uxsim/uxsim.py,uxsim.uxsim.RouteChoice,s.route_pref,WRITE
World,apps/UXsim/uxsim/uxsim.py,uxsim.uxsim.World,W.rng,WRITE
World,apps/UXsim/uxsim/uxsim.py,uxsim.uxsim.World,W.random_seed,WRITE
World,apps/UXsim/uxsim/uxsim.py,uxsim.uxsim.World,W.TMAX,WRITE
World,apps/UXsim/uxsim/uxsim.py,uxsim.uxsim.World,W.DELTAN,WRITE
World,apps/UXsim/uxsim/uxsim.py,uxsim.uxsim.World,W.REACTION_TIME,WRITE
World,apps/UXsim/uxsim/uxsim.py,uxsim.uxsim.World,W.DUO_UPDATE_TIME,WRITE
World,apps/UXsim/uxsim/uxsim.py,uxsim.uxsim.World,W.DUO_UPDATE_WEIGHT,WRITE
World,apps/UXsim/uxsim/uxsim.py,uxsim.uxsim.World,W.DUO_NOISE,WRITE
World,apps/UXsim/uxsim/uxsim.py,uxsim.uxsim.World,W.EULAR_DT,WRITE
World,apps/UXsim/uxsim/uxsim.py,uxsim.uxsim.World,W.DELTAT,WRITE
World,apps/UXsim/uxsim/uxsim.py,uxsim.uxsim.World,W.DELTAT_ROUTE,WRITE
World,apps/UXsim/uxsim/uxsim.py,uxsim.uxsim.World,W.VEHICLES,WRITE
World,apps/UXsim/uxsim/uxsim.py,uxsim.uxsim.World,W.VEHICLES_LIVING,WRITE
World,apps/UXsim/uxsim/uxsim.py,uxsim.uxsim.World,W.VEHICLES_RUNNING,WRITE
World,apps/UXsim/uxsim/uxsim.py,uxsim.uxsim.World,W.NODES,WRITE
World,apps/UXsim/uxsim/uxsim.py,uxsim.uxsim.World,W.LINKS,WRITE
World,apps/UXsim/uxsim/uxsim.py,uxsim.uxsim.World,W.NODES_NAME_DICT,WRITE
World,apps/UXsim/uxsim/uxsim.py,uxsim.uxsim.World,W.LINKS_NAME_DICT,WRITE
World,apps/UXsim/uxsim/uxsim.py,uxsim.uxsim.World,W.vehicle_logging_timestep_interval,WRITE
World,apps/UXsim/uxsim/uxsim.py,uxsim.uxsim.World,W.route_choice_principle,WRITE
World,apps/UXsim/uxsim/uxsim.py,uxsim.uxsim.World,W.route_choice_update_gradual,WRITE
World,apps/UXsim/uxsim/uxsim.py,uxsim.uxsim.World,W.instantaneous_TT_timestep_interval,WRITE
World,apps/UXsim/uxsim/uxsim.py,uxsim.uxsim.World,W.route_pref_for_vehs,WRITE
World,apps/UXsim/uxsim/uxsim.py,uxsim.uxsim.World,W.show_progress,WRITE
World,apps/UXsim/uxsim/uxsim.py,uxsim.uxsim.World,W.show_progress_deltat_timestep,WRITE
World,apps/UXsim/uxsim/uxsim.py,uxsim.uxsim.World,W.reduce_memory_delete_vehicle_route_pref,WRITE
World,apps/UXsim/uxsim/uxsim.py,uxsim.uxsim.World,W.name,WRITE
World,apps/UXsim/uxsim/uxsim.py,uxsim.uxsim.World,W.hard_deterministic_mode,WRITE
World,apps/UXsim/uxsim/uxsim.py,uxsim.uxsim.World,W.meta_data,WRITE
World,apps/UXsim/uxsim/uxsim.py,uxsim.uxsim.World,W.network_info,WRITE
World,apps/UXsim/uxsim/uxsim.py,uxsim.uxsim.World,W.demand_info,WRITE
World,apps/UXsim/uxsim/uxsim.py,uxsim.uxsim.World,W.finalized,WRITE
World,apps/UXsim/uxsim/uxsim.py,uxsim.uxsim.World,W.world_start_time,WRITE
World,apps/UXsim/uxsim/uxsim.py,uxsim.uxsim.World,W.print_mode,WRITE
World,apps/UXsim/uxsim/uxsim.py,uxsim.uxsim.World,W.save_mode,WRITE
World,apps/UXsim/uxsim/uxsim.py,uxsim.uxsim.World,W.show_mode,WRITE
World,apps/UXsim/uxsim/uxsim.py,uxsim.uxsim.World,W.user_attribute,WRITE
World,apps/UXsim/uxsim/uxsim.py,uxsim.uxsim.World,W.user_function,WRITE
Route,apps/UXsim/uxsim/uxsim.py,uxsim.uxsim.Route,s.W,WRITE
Route,apps/UXsim/uxsim/uxsim.py,uxsim.uxsim.Route,s.name,WRITE
Route,apps/UXsim/uxsim/uxsim.py,uxsim.uxsim.Route,s.links,WRITE
Route,apps/UXsim/uxsim/uxsim.py,uxsim.uxsim.Route,s.links_name,WRITE
EdgeItem,apps/UXsim/uxsim/ResultGUIViewer/ResultGUIViewer.py,uxsim.ResultGUIViewer.ResultGUIViewer.EdgeItem,self.name,WRITE
EdgeItem,apps/UXsim/uxsim/ResultGUIViewer/ResultGUIViewer.py,uxsim.ResultGUIViewer.ResultGUIViewer.EdgeItem,self.start_node,WRITE
EdgeItem,apps/UXsim/uxsim/ResultGUIViewer/ResultGUIViewer.py,uxsim.ResultGUIViewer.ResultGUIViewer.EdgeItem,self.end_node,WRITE
EdgeItem,apps/UXsim/uxsim/ResultGUIViewer/ResultGUIViewer.py,uxsim.ResultGUIViewer.ResultGUIViewer.EdgeItem,self.density_list,WRITE
EdgeItem,apps/UXsim/uxsim/ResultGUIViewer/ResultGUIViewer.py,uxsim.ResultGUIViewer.ResultGUIViewer.EdgeItem,self.Link,WRITE
EdgeItem,apps/UXsim/uxsim/ResultGUIViewer/ResultGUIViewer.py,uxsim.ResultGUIViewer.ResultGUIViewer.EdgeItem,self.t,WRITE
EdgeItem,apps/UXsim/uxsim/ResultGUIViewer/ResultGUIViewer.py,uxsim.ResultGUIViewer.ResultGUIViewer.EdgeItem,self.curve_direction,WRITE
EdgeItem,apps/UXsim/uxsim/ResultGUIViewer/ResultGUIViewer.py,uxsim.ResultGUIViewer.ResultGUIViewer.EdgeItem,self.show_name,WRITE
NodeItem,apps/UXsim/uxsim/ResultGUIViewer/ResultGUIViewer.py,uxsim.ResultGUIViewer.ResultGUIViewer.NodeItem,self.name,WRITE
NodeItem,apps/UXsim/uxsim/ResultGUIViewer/ResultGUIViewer.py,uxsim.ResultGUIViewer.ResultGUIViewer.NodeItem,self.Node,WRITE
NodeItem,apps/UXsim/uxsim/ResultGUIViewer/ResultGUIViewer.py,uxsim.ResultGUIViewer.ResultGUIViewer.NodeItem,self.show_name,WRITE
GraphWidget,apps/UXsim/uxsim/ResultGUIViewer/ResultGUIViewer.py,uxsim.ResultGUIViewer.ResultGUIViewer.GraphWidget,self.vehicle_list,WRITE
GraphWidget,apps/UXsim/uxsim/ResultGUIViewer/ResultGUIViewer.py,uxsim.ResultGUIViewer.ResultGUIViewer.GraphWidget,self.show_vehicles,WRITE
GraphWidget,apps/UXsim/uxsim/ResultGUIViewer/ResultGUIViewer.py,uxsim.ResultGUIViewer.ResultGUIViewer.GraphWidget,self.edges,WRITE
MainWindow,apps/UXsim/uxsim/ResultGUIViewer/ResultGUIViewer.py,uxsim.ResultGUIViewer.ResultGUIViewer.MainWindow,self.W,WRITE
MainWindow,apps/UXsim/uxsim/ResultGUIViewer/ResultGUIViewer.py,uxsim.ResultGUIViewer.ResultGUIViewer.MainWindow,self.tmax,WRITE
MainWindow,apps/UXsim/uxsim/ResultGUIViewer/ResultGUIViewer.py,uxsim.ResultGUIViewer.ResultGUIViewer.MainWindow,self.dt,WRITE
MainWindow,apps/UXsim/uxsim/ResultGUIViewer/ResultGUIViewer.py,uxsim.ResultGUIViewer.ResultGUIViewer.MainWindow,self.playing,WRITE
MainWindow,apps/UXsim/uxsim/ResultGUIViewer/ResultGUIViewer.py,uxsim.ResultGUIViewer.ResultGUIViewer.MainWindow,self.curve_direction,WRITE
MainWindow,apps/UXsim/uxsim/ResultGUIViewer/ResultGUIViewer.py,uxsim.ResultGUIViewer.ResultGUIViewer.MainWindow,self.show_names,WRITE
MainWindow,apps/UXsim/uxsim/ResultGUIViewer/ResultGUIViewer.py,uxsim.ResultGUIViewer.ResultGUIViewer.MainWindow,self.show_vehicles,WRITE
MainWindow,apps/UXsim/uxsim/ResultGUIViewer/ResultGUIViewer.py,uxsim.ResultGUIViewer.ResultGUIViewer.MainWindow,central_widget,WRITE
MainWindow,apps/UXsim/uxsim/ResultGUIViewer/ResultGUIViewer.py,uxsim.ResultGUIViewer.ResultGUIViewer.MainWindow,layout,WRITE
MainWindow,apps/UXsim/uxsim/ResultGUIViewer/ResultGUIViewer.py,uxsim.ResultGUIViewer.ResultGUIViewer.MainWindow,slider_layout,WRITE
MainWindow,apps/UXsim/uxsim/ResultGUIViewer/ResultGUIViewer.py,uxsim.ResultGUIViewer.ResultGUIViewer.MainWindow,self.t_slider,WRITE
MainWindow,apps/UXsim/uxsim/ResultGUIViewer/ResultGUIViewer.py,uxsim.ResultGUIViewer.ResultGUIViewer.MainWindow,self.t_label,WRITE
MainWindow,apps/UXsim/uxsim/ResultGUIViewer/ResultGUIViewer.py,uxsim.ResultGUIViewer.ResultGUIViewer.MainWindow,button_layout,WRITE
MainWindow,apps/UXsim/uxsim/ResultGUIViewer/ResultGUIViewer.py,uxsim.ResultGUIViewer.ResultGUIViewer.MainWindow,self.play_button,WRITE
MainWindow,apps/UXsim/uxsim/ResultGUIViewer/ResultGUIViewer.py,uxsim.ResultGUIViewer.ResultGUIViewer.MainWindow,self.stop_button,WRITE
MainWindow,apps/UXsim/uxsim/ResultGUIViewer/ResultGUIViewer.py,uxsim.ResultGUIViewer.ResultGUIViewer.MainWindow,self.graph_widget,WRITE
MainWindow,apps/UXsim/uxsim/ResultGUIViewer/ResultGUIViewer.py,uxsim.ResultGUIViewer.ResultGUIViewer.MainWindow,self.timer,WRITE
MainWindow,apps/UXsim/uxsim/ResultGUIViewer/ResultGUIViewer.py,uxsim.ResultGUIViewer.ResultGUIViewer.MainWindow,menu_bar,WRITE
MainWindow,apps/UXsim/uxsim/ResultGUIViewer/ResultGUIViewer.py,uxsim.ResultGUIViewer.ResultGUIViewer.MainWindow,menu_data,WRITE
MainWindow,apps/UXsim/uxsim/ResultGUIViewer/ResultGUIViewer.py,uxsim.ResultGUIViewer.ResultGUIViewer.MainWindow,action_basic_stats,WRITE
MainWindow,apps/UXsim/uxsim/ResultGUIViewer/ResultGUIViewer.py,uxsim.ResultGUIViewer.ResultGUIViewer.MainWindow,action_basic_stats,WRITE
MainWindow,apps/UXsim/uxsim/ResultGUIViewer/ResultGUIViewer.py,uxsim.ResultGUIViewer.ResultGUIViewer.MainWindow,action_basic_stats,WRITE
MainWindow,apps/UXsim/uxsim/ResultGUIViewer/ResultGUIViewer.py,uxsim.ResultGUIViewer.ResultGUIViewer.MainWindow,action_basic_stats,WRITE
MainWindow,apps/UXsim/uxsim/ResultGUIViewer/ResultGUIViewer.py,uxsim.ResultGUIViewer.ResultGUIViewer.MainWindow,action_basic_stats,WRITE
MainWindow,apps/UXsim/uxsim/ResultGUIViewer/ResultGUIViewer.py,uxsim.ResultGUIViewer.ResultGUIViewer.MainWindow,menu_settings,WRITE
MainWindow,apps/UXsim/uxsim/ResultGUIViewer/ResultGUIViewer.py,uxsim.ResultGUIViewer.ResultGUIViewer.MainWindow,option_curve_direction,WRITE
MainWindow,apps/UXsim/uxsim/ResultGUIViewer/ResultGUIViewer.py,uxsim.ResultGUIViewer.ResultGUIViewer.MainWindow,curve_right_action,WRITE
MainWindow,apps/UXsim/uxsim/ResultGUIViewer/ResultGUIViewer.py,uxsim.ResultGUIViewer.ResultGUIViewer.MainWindow,curve_left_action,WRITE
MainWindow,apps/UXsim/uxsim/ResultGUIViewer/ResultGUIViewer.py,uxsim.ResultGUIViewer.ResultGUIViewer.MainWindow,option_display,WRITE
MainWindow,apps/UXsim/uxsim/ResultGUIViewer/ResultGUIViewer.py,uxsim.ResultGUIViewer.ResultGUIViewer.MainWindow,show_names_action,WRITE
MainWindow,apps/UXsim/uxsim/ResultGUIViewer/ResultGUIViewer.py,uxsim.ResultGUIViewer.ResultGUIViewer.MainWindow,menu_Vehicle,WRITE
MainWindow,apps/UXsim/uxsim/ResultGUIViewer/ResultGUIViewer.py,uxsim.ResultGUIViewer.ResultGUIViewer.MainWindow,action_show_vehicle,WRITE
MainWindow,apps/UXsim/uxsim/ResultGUIViewer/ResultGUIViewer.py,uxsim.ResultGUIViewer.ResultGUIViewer.MainWindow,menu_Animation,WRITE
MainWindow,apps/UXsim/uxsim/ResultGUIViewer/ResultGUIViewer.py,uxsim.ResultGUIViewer.ResultGUIViewer.MainWindow,action_csv,WRITE
MainWindow,apps/UXsim/uxsim/ResultGUIViewer/ResultGUIViewer.py,uxsim.ResultGUIViewer.ResultGUIViewer.MainWindow,action_network_anim_detailed0,WRITE
MainWindow,apps/UXsim/uxsim/ResultGUIViewer/ResultGUIViewer.py,uxsim.ResultGUIViewer.ResultGUIViewer.MainWindow,action_network_anim_detailed1,WRITE
MainWindow,apps/UXsim/uxsim/ResultGUIViewer/ResultGUIViewer.py,uxsim.ResultGUIViewer.ResultGUIViewer.MainWindow,action_network_anim_fancy,WRITE
PandasModel,apps/UXsim/uxsim/ResultGUIViewer/ResultGUIViewer.py,uxsim.ResultGUIViewer.ResultGUIViewer.PandasModel,self._data,WRITE
DataFrameViewer,apps/UXsim/uxsim/ResultGUIViewer/ResultGUIViewer.py,uxsim.ResultGUIViewer.ResultGUIViewer.DataFrameViewer,self.model,WRITE
DataFrameViewer,apps/UXsim/uxsim/ResultGUIViewer/ResultGUIViewer.py,uxsim.ResultGUIViewer.ResultGUIViewer.DataFrameViewer,self.view,WRITE
SolverDUE,apps/UXsim/uxsim/DTAsolvers/DTAsolvers.py,uxsim.DTAsolvers.DTAsolvers.SolverDUE,s.func_World,WRITE
SolverDUE,apps/UXsim/uxsim/DTAsolvers/DTAsolvers.py,uxsim.DTAsolvers.DTAsolvers.SolverDUE,s.W_sol,WRITE
SolverDUE,apps/UXsim/uxsim/DTAsolvers/DTAsolvers.py,uxsim.DTAsolvers.DTAsolvers.SolverDUE,s.W_intermid_solution,WRITE
SolverDUE,apps/UXsim/uxsim/DTAsolvers/DTAsolvers.py,uxsim.DTAsolvers.DTAsolvers.SolverDUE,s.dfs_link,WRITE
SolverDSO_GA,apps/UXsim/uxsim/DTAsolvers/DTAsolvers.py,uxsim.DTAsolvers.DTAsolvers.SolverDSO_GA,s.func_World,WRITE
SolverDSO_GA,apps/UXsim/uxsim/DTAsolvers/DTAsolvers.py,uxsim.DTAsolvers.DTAsolvers.SolverDSO_GA,s.W_sol,WRITE
SolverDSO_GA,apps/UXsim/uxsim/DTAsolvers/DTAsolvers.py,uxsim.DTAsolvers.DTAsolvers.SolverDSO_GA,s.W_intermid_solution,WRITE
SolverDSO_GA,apps/UXsim/uxsim/DTAsolvers/DTAsolvers.py,uxsim.DTAsolvers.DTAsolvers.SolverDSO_GA,s.dfs_link,WRITE
TripRequest,apps/UXsim/uxsim/TaxiHandler/TaxiHandler.py,uxsim.TaxiHandler.TaxiHandler.TripRequest,s.W,WRITE
TripRequest,apps/UXsim/uxsim/TaxiHandler/TaxiHandler.py,uxsim.TaxiHandler.TaxiHandler.TripRequest,s.H,WRITE
TripRequest,apps/UXsim/uxsim/TaxiHandler/TaxiHandler.py,uxsim.TaxiHandler.TaxiHandler.TripRequest,s.orig,WRITE
TripRequest,apps/UXsim/uxsim/TaxiHandler/TaxiHandler.py,uxsim.TaxiHandler.TaxiHandler.TripRequest,s.dest,WRITE
TripRequest,apps/UXsim/uxsim/TaxiHandler/TaxiHandler.py,uxsim.TaxiHandler.TaxiHandler.TripRequest,s.depart_time,WRITE
TripRequest,apps/UXsim/uxsim/TaxiHandler/TaxiHandler.py,uxsim.TaxiHandler.TaxiHandler.TripRequest,s.attribute,WRITE
TripRequest,apps/UXsim/uxsim/TaxiHandler/TaxiHandler.py,uxsim.TaxiHandler.TaxiHandler.TripRequest,s.name,WRITE
TripRequest,apps/UXsim/uxsim/TaxiHandler/TaxiHandler.py,uxsim.TaxiHandler.TaxiHandler.TripRequest,s.get_taxi_time,WRITE
TripRequest,apps/UXsim/uxsim/TaxiHandler/TaxiHandler.py,uxsim.TaxiHandler.TaxiHandler.TripRequest,s.arrival_time,WRITE
TripRequest,apps/UXsim/uxsim/TaxiHandler/TaxiHandler.py,uxsim.TaxiHandler.TaxiHandler.TripRequest,s.taxi,WRITE
TaxiHandler,apps/UXsim/uxsim/TaxiHandler/TaxiHandler.py,uxsim.TaxiHandler.TaxiHandler.TaxiHandler,s.trip_requests,WRITE
TaxiHandler,apps/UXsim/uxsim/TaxiHandler/TaxiHandler.py,uxsim.TaxiHandler.TaxiHandler.TaxiHandler,s.trip_requests_all,WRITE
TaxiHandler,apps/UXsim/uxsim/TaxiHandler/TaxiHandler.py,uxsim.TaxiHandler.TaxiHandler.TaxiHandler,s.W,WRITE
TaxiHandler_nearest_matching_radious,apps/UXsim/uxsim/TaxiHandler/TaxiHandler.py,uxsim.TaxiHandler.TaxiHandler.TaxiHandler_nearest_matching_radious,s.matching_radious,WRITE
__init__.py,apps/UXsim/uxsim/__init__.py,uxsim.__init__,__version__,WRITE
__init__.py,apps/UXsim/uxsim/__init__.py,uxsim.__init__,__author__,WRITE
__init__.py,apps/UXsim/uxsim/__init__.py,uxsim.__init__,__copyright__,WRITE
__init__.py,apps/UXsim/uxsim/__init__.py,uxsim.__init__,__license__,WRITE
